available_bike_stands,time_of_day,type_of_day,time_of_year,day_of_year,iso_date,temperature,rain,relative_humidity,vapour_pressure,wind_speed,sunshine,visibility,change_in_bike_availability,epoch,bikes_at_t1,bikes_at_t2
32,59470,0,22177870,256,2016-09-12T16:31:10,19.6,0,71,16.3,10,0.0,50000,32,1473694270,0,0
6,64632,0,22183032,256,2016-09-12T17:57:12,19.0,2,72,15.8,10,0.0,25000,-13,1473699432,19,25
10,69444,0,22187844,256,2016-09-12T19:17:24,18.0,2,78,16.0,8,0.0,20000,10,1473704244,0,0
40,62605,0,22267405,257,2016-09-13T17:23:25,15.9,0,75,13.5,8,0.1,50000,11,1473783805,29,21
30,28522,0,22319722,258,2016-09-14T07:55:22,14.4,0,88,14.4,7,0.0,25000,-10,1473836122,40,36
37,59378,0,22350578,258,2016-09-14T16:29:38,18.6,0,80,17.1,10,1.0,25000,10,1473866978,27,30
19,64741,0,22355941,258,2016-09-14T17:59:01,16.8,0,87,16.6,8,0.4,17000,-10,1473872341,29,32
16,21681,0,22399281,259,2016-09-15T06:01:21,14.0,3,98,15.6,2,0.0,300,-13,1473915681,29,29
28,27377,0,22404977,259,2016-09-15T07:36:17,15.3,0,87,15.1,10,0.6,9000,11,1473921377,17,11
19,66380,0,22443980,259,2016-09-15T18:26:20,16.4,0,80,15.0,11,0.0,20000,13,1473960380,6,8
18,19218,0,22483218,260,2016-09-16T05:20:18,9.1,3,92,10.6,10,0.0,30000,-12,1473999618,30,31
28,27656,0,22491656,260,2016-09-16T07:40:56,11.0,0,87,11.5,13,1.0,35000,10,1474008056,18,17
26,29773,0,22493773,260,2016-09-16T08:16:13,11.0,0,87,11.5,13,1.0,35000,-14,1474010173,40,40
25,31276,0,22495276,260,2016-09-16T08:41:16,12.8,0,80,11.8,13,1.0,35000,-13,1474011676,38,39
27,25983,1,22662783,262,2016-09-18T07:13:03,9.9,0,96,11.7,5,0.8,45000,-12,1474179183,39,38
18,56775,1,22693575,262,2016-09-18T15:46:15,14.5,0,91,15.0,10,0.0,12000,-11,1474209975,29,38
16,26341,0,22749541,263,2016-09-19T07:19:01,8.4,3,96,10.6,8,0.7,5000,-16,1474265941,32,26
1,21599,0,22831199,264,2016-09-20T05:59:59,10.6,3,72,9.3,4,0.0,30000,-10,1474347599,11,15
35,27316,0,22836916,264,2016-09-20T07:35:16,11.9,0,69,9.6,4,0.0,60000,12,1474353316,23,21
27,29121,0,22838721,264,2016-09-20T08:05:21,11.9,0,69,9.6,4,0.0,60000,-11,1474355121,38,40
29,37507,0,22847107,264,2016-09-20T10:25:07,14.6,0,51,8.4,5,0.6,60000,-10,1474363507,39,39
20,59601,0,22869201,264,2016-09-20T16:33:21,13.7,0,62,9.6,11,0.0,50000,12,1474385601,8,10
32,59895,0,22869495,264,2016-09-20T16:38:15,13.7,0,62,9.6,11,0.0,50000,12,1474385895,20,8
15,65897,0,22875497,264,2016-09-20T18:18:17,13.0,0,65,9.7,10,0.0,60000,-11,1474391897,26,21
1,20014,0,22916014,265,2016-09-21T05:33:34,12.3,0,72,10.3,10,0.0,30000,-18,1474432414,19,18
22,33256,0,22929256,265,2016-09-21T09:14:16,14.0,0,73,11.7,7,0.0,60000,-13,1474445656,35,39
35,63260,0,22959260,265,2016-09-21T17:34:20,12.9,0,88,13.1,8,0.0,12000,11,1474475660,24,17
2,18781,0,23001181,266,2016-09-22T05:13:01,6.9,0,85,8.5,8,0.0,25000,-13,1474517581,15,15
9,26649,0,23009049,266,2016-09-22T07:24:09,7.3,0,86,8.7,7,0.8,30000,-10,1474525449,19,14
37,27608,0,23096408,267,2016-09-23T07:40:08,12.1,0,71,9.9,7,0.4,30000,10,1474612808,27,26
34,63907,0,23132707,267,2016-09-23T17:45:07,14.8,0,69,11.6,18,0.0,35000,12,1474649107,22,23
21,77100,0,23145900,267,2016-09-23T21:25:00,15.1,0,67,11.5,11,0.0,30000,17,1474662300,4,3
4,32540,1,23187740,268,2016-09-24T09:02:20,17.2,2,73,14.3,20,0.0,15000,-10,1474704140,14,18
30,31340,1,23272940,269,2016-09-25T08:42:20,12.1,0,74,10.4,15,1.0,40000,-10,1474789340,40,40
24,49696,1,23291296,269,2016-09-25T13:48:16,13.4,0,65,10.0,13,1.0,30000,-15,1474807696,39,39
10,28329,0,23356329,270,2016-09-26T07:52:09,10.4,0,92,11.6,5,0.0,14000,-11,1474872729,21,25
8,21178,0,23435578,271,2016-09-27T05:52:58,15.6,2,90,16.0,13,0.0,20000,-14,1474951978,22,23
23,31085,0,23445485,271,2016-09-27T08:38:05,13.8,0,80,12.6,21,0.2,20000,-16,1474961885,39,38
39,31677,0,23446077,271,2016-09-27T08:47:57,13.8,0,80,12.6,21,0.2,20000,12,1474962477,27,23
13,79866,0,23580666,272,2016-09-28T22:11:06,15.8,2,79,14.2,19,0.0,20000,13,1475097066,0,0
8,22033,0,23609233,273,2016-09-29T06:07:13,11.7,2,79,10.9,19,0.0,20000,-14,1475125633,22,22
4,26948,0,23700548,274,2016-09-30T07:29:08,8.3,0,87,9.6,11,0.4,40000,-11,1475216948,15,19
27,33251,0,23706851,274,2016-09-30T09:14:11,10.6,0,80,10.2,13,1.0,40000,-12,1475223251,39,38
1,22076,0,23954876,277,2016-10-03T06:07:56,13.1,0,82,12.3,12,0.0,30000,-11,1475471276,12,14
40,34149,0,23966949,277,2016-10-03T09:29:09,14.5,0,75,12.4,16,0.6,30000,10,1475483349,30,27
7,64212,0,23997012,277,2016-10-03T17:50:12,14.6,0,78,13.0,15,0.0,25000,-10,1475513412,17,15
40,27877,0,24047077,278,2016-10-04T07:44:37,13.6,0,83,12.9,14,0.0,25000,10,1475563477,30,30
24,34491,0,24053691,278,2016-10-04T09:34:51,14.0,0,84,13.5,16,0.0,25000,-15,1475570091,39,34
34,61502,0,24080702,278,2016-10-04T17:05:02,14.6,0,77,12.8,11,0.0,30000,10,1475597102,24,23
10,79846,0,24099046,278,2016-10-04T22:10:46,12.7,0,88,12.9,12,0.0,30000,10,1475615446,0,2
22,62152,0,24167752,279,2016-10-05T17:15:52,14.0,0,75,11.9,9,1.0,25000,-11,1475684152,33,36
36,62750,0,24168350,279,2016-10-05T17:25:50,14.0,0,75,11.9,9,1.0,25000,10,1475684750,26,22
0,21201,0,24213201,280,2016-10-06T05:53:21,11.1,0,67,8.9,15,0.0,30000,-10,1475729601,10,16
28,27500,0,24219500,280,2016-10-06T07:38:20,11.3,0,65,8.7,15,0.0,40000,13,1475735900,15,12
27,30488,0,24222488,280,2016-10-06T08:28:08,11.3,0,65,8.7,15,0.0,40000,-13,1475738888,40,40
4,19148,0,24902348,288,2016-10-14T05:19:08,4.7,3,100,8.5,5,0.0,15000,-10,1476418748,14,14
23,32658,0,24915858,288,2016-10-14T09:04:18,10.5,0,82,10.4,6,0.8,15000,-17,1476432258,40,39
10,40808,1,25010408,289,2016-10-15T11:20:08,11.0,0,80,10.5,2,0.6,20000,-11,1476526808,21,25
24,46779,1,25102779,290,2016-10-16T12:59:39,12.6,2,61,8.9,24,0.0,30000,-14,1476619179,38,38
0,73336,0,25215736,291,2016-10-17T20:22:16,10.5,0,83,10.6,15,0.0,30000,-32,1476732136,32,27
2,25337,0,25254137,292,2016-10-18T07:02:17,5.6,3,89,8.1,16,0.0,30000,-16,1476770537,18,20
30,34395,0,25349595,293,2016-10-19T09:33:15,8.9,0,88,10.0,9,1.0,30000,-10,1476865995,40,40
3,23545,0,25425145,294,2016-10-20T06:32:25,3.3,0,98,7.6,4,0.0,25000,-10,1476941545,13,20
19,33619,0,25435219,294,2016-10-20T09:20:19,6.4,0,98,9.5,5,0.4,40000,-11,1476951619,30,39
22,39821,0,25441421,294,2016-10-20T11:03:41,10.8,0,81,10.5,4,0.2,40000,-18,1476957821,40,40
40,64568,0,25466168,294,2016-10-20T17:56:08,9.2,0,91,10.5,5,0.0,30000,10,1476982568,30,25
18,66079,0,25554079,295,2016-10-21T18:21:19,10.2,0,87,10.8,1,0.0,40000,14,1477070479,4,6
19,37639,1,25698439,297,2016-10-23T10:27:19,9.9,0,90,10.9,16,0.1,15000,-16,1477214839,35,39
20,79635,1,25740435,297,2016-10-23T22:07:15,9.0,0,86,9.9,11,0.0,30000,-18,1477256835,38,38
4,19993,0,25767193,298,2016-10-24T05:33:13,9.4,2,83,9.8,13,0.0,25000,-15,1477283593,19,20
37,30561,0,25777761,298,2016-10-24T08:29:21,9.4,2,78,9.1,13,0.0,30000,10,1477294161,27,34
29,62644,0,25809844,298,2016-10-24T17:24:04,9.0,0,80,9.2,10,0.4,40000,-10,1477326244,39,38
21,27858,0,25861458,299,2016-10-25T07:44:18,8.7,0,94,10.6,1,0.0,20000,-11,1477377858,32,30
26,31144,0,25864744,299,2016-10-25T08:39:04,11.3,0,83,11.1,3,0.0,20000,-10,1477381144,36,39
18,36249,0,25869849,299,2016-10-25T10:04:09,12.2,0,80,11.3,5,0.6,16000,-17,1477386249,35,40
3,18885,0,25938885,300,2016-10-26T05:14:45,10.8,2,90,11.6,8,0.0,12000,-17,1477455285,20,20
26,27915,0,25947915,300,2016-10-26T07:45:15,10.6,0,84,10.7,9,0.0,25000,-13,1477464315,39,36
25,30979,0,26037379,301,2016-10-27T08:36:19,12.9,0,78,11.6,14,0.0,30000,-15,1477553779,40,40
11,68779,0,26075179,301,2016-10-27T19:06:19,14.1,0,80,12.9,15,0.0,35000,10,1477591579,1,1
22,69078,0,26075478,301,2016-10-27T19:11:18,14.1,0,80,12.9,15,0.0,35000,11,1477591878,11,1
39,28039,0,26120839,302,2016-10-28T07:47:19,12.9,2,98,14.5,7,0.0,3500,11,1477637239,28,28
26,30738,0,26123538,302,2016-10-28T08:32:18,12.8,0,98,14.4,4,0.0,1700,-12,1477639938,38,40
14,64330,0,26157130,302,2016-10-28T17:52:10,13.5,0,93,14.4,12,0.0,25000,11,1477673530,3,1
12,65539,0,26158339,302,2016-10-28T18:12:19,13.5,0,93,14.4,12,0.0,25000,-11,1477674739,23,21
21,23890,1,26203090,303,2016-10-29T06:38:10,11.6,0,85,11.6,8,0.0,20000,-12,1477719490,33,33
20,64018,1,26243218,303,2016-10-29T17:46:58,11.0,0,80,10.5,6,0.0,50000,-10,1477759618,30,30
8,22539,0,26460939,306,2016-11-01T06:15:39,7.8,0,78,8.2,9,0.0,30000,-12,1477980939,20,25
11,63382,0,26501782,306,2016-11-01T17:36:22,4.9,0,81,7.0,7,0.0,30000,10,1478021782,1,1
21,63654,0,26502054,306,2016-11-01T17:40:54,4.9,0,81,7.0,7,0.0,30000,10,1478022054,11,1
19,66058,0,26504458,306,2016-11-01T18:20:58,4.9,0,81,7.0,7,0.0,30000,10,1478024458,9,7
34,64319,0,26589119,307,2016-11-02T17:51:59,7.9,0,78,8.3,6,0.0,35000,10,1478109119,24,21
9,66127,0,26590927,307,2016-11-02T18:22:07,7.9,0,78,8.3,6,0.0,35000,-11,1478110927,20,23
25,69194,0,26680394,308,2016-11-03T19:13:14,8.7,2,92,10.3,14,0.0,8000,11,1478200394,14,15
26,76850,1,26947250,311,2016-11-06T21:20:50,2.9,0,79,5.9,12,0.0,30000,-11,1478467250,37,37
11,19552,0,26976352,312,2016-11-07T05:25:52,0.2,0,90,5.6,9,0.0,30000,-11,1478496352,22,22
38,26759,0,26983559,312,2016-11-07T07:25:59,-0.1,0,90,5.4,9,0.0,35000,11,1478503559,27,27
23,27054,0,26983854,312,2016-11-07T07:30:54,-0.7,0,94,5.4,9,0.0,50000,-15,1478503854,38,27
19,27679,0,27070879,313,2016-11-08T07:41:19,4.2,0,82,6.7,6,0.0,30000,-16,1478590879,35,37
24,32534,0,27075734,313,2016-11-08T09:02:14,5.5,0,75,6.8,5,0.0,35000,-12,1478595734,36,37
27,28102,0,27157702,314,2016-11-09T07:48:22,4.5,0,90,7.6,14,0.0,30000,-11,1478677702,38,34
18,67998,0,27197598,314,2016-11-09T18:53:18,6.5,0,85,8.2,14,0.0,30000,14,1478717598,4,5
21,69446,0,27199046,314,2016-11-09T19:17:26,6.5,0,85,8.2,14,0.0,30000,12,1478719046,9,11
16,76998,0,27206598,314,2016-11-09T21:23:18,7.0,0,85,8.5,13,0.0,30000,11,1478726598,5,6
26,77200,0,27206800,314,2016-11-09T21:26:40,7.0,0,85,8.5,13,0.0,30000,10,1478726800,16,5
11,20238,0,27236238,315,2016-11-10T05:37:18,5.5,0,91,8.2,14,0.0,30000,-12,1478756238,23,29
12,20062,0,27322462,316,2016-11-11T05:34:22,2.7,3,93,6.9,6,0.0,30000,-14,1478842462,26,26
21,29062,0,27331462,316,2016-11-11T08:04:22,1.5,3,91,6.2,6,0.0,30000,-10,1478851462,31,32
27,31158,0,27333558,316,2016-11-11T08:39:18,3.2,0,91,7.0,5,0.0,30000,-13,1478853558,40,40
23,46262,1,27521462,318,2016-11-13T12:51:02,11.4,0,80,10.8,12,0.0,30000,-16,1479041462,39,39
18,86077,1,27561277,318,2016-11-13T23:54:37,11.3,0,83,11.1,15,0.0,25000,-12,1479081277,30,35
29,27436,0,27589036,319,2016-11-14T07:37:16,12.3,0,90,12.9,16,0.0,25000,10,1479109036,19,20
23,31940,0,27593540,319,2016-11-14T08:52:20,12.6,0,90,13.2,14,0.0,25000,-16,1479113540,39,40
21,61634,0,27623234,319,2016-11-14T17:07:14,14.4,0,93,15.3,12,0.0,16000,12,1479143234,9,18
26,30800,0,27678800,320,2016-11-15T08:33:20,10.4,0,92,11.6,8,0.0,30000,-13,1479198800,39,40
37,31393,0,27679393,320,2016-11-15T08:43:13,10.4,0,92,11.6,8,0.0,30000,10,1479199393,27,26
21,67100,0,27715100,320,2016-11-15T18:38:20,9.2,0,88,10.2,8,0.0,30000,21,1479235100,0,0
31,26660,0,27761060,321,2016-11-16T07:24:20,10.6,0,86,11.0,15,0.0,25000,11,1479281060,20,17
26,28457,0,27762857,321,2016-11-16T07:54:17,9.2,0,87,10.1,17,0.0,25000,-14,1479282857,40,40
26,30011,0,27850811,322,2016-11-17T08:20:11,4.0,0,90,7.3,14,0.0,8000,-11,1479370811,37,34
19,36019,0,27856819,322,2016-11-17T10:00:19,0.6,0,94,6.0,9,0.0,4000,-15,1479376819,34,35
33,62163,0,27882963,322,2016-11-17T17:16:03,3.8,2,87,6.9,16,0.0,20000,11,1479402963,22,21
27,82233,0,27903033,322,2016-11-17T22:50:33,1.6,2,87,6.0,18,0.0,25000,10,1479423033,17,16
17,19465,0,27926665,323,2016-11-18T05:24:25,0.7,0,90,5.8,16,0.0,25000,-11,1479446665,28,33
13,25577,0,27932777,323,2016-11-18T07:06:17,1.2,0,89,5.9,16,0.0,30000,-10,1479452777,23,21
17,29235,1,28022835,324,2016-11-19T08:07:15,0.8,3,90,5.8,13,0.0,40000,-13,1479542835,30,30
21,45658,1,28039258,324,2016-11-19T12:40:58,4.7,0,79,6.8,11,1.0,40000,-15,1479559258,36,36
26,27553,0,28193953,326,2016-11-21T07:39:13,2.4,0,95,6.9,9,0.0,20000,-11,1479713953,37,37
26,30251,0,28196651,326,2016-11-21T08:24:11,2.4,0,95,6.9,9,0.0,20000,-13,1479716651,39,40
5,23719,0,28276519,327,2016-11-22T06:35:19,4.6,0,74,6.3,17,0.0,30000,-10,1479796519,15,15
14,27599,0,28280399,327,2016-11-22T07:39:59,4.6,0,71,6.0,17,0.0,40000,-17,1479800399,31,29
18,60899,0,28313699,327,2016-11-22T16:54:59,4.3,0,79,6.5,11,0.0,60000,-10,1479833699,28,27
29,31881,0,28371081,328,2016-11-23T08:51:21,-0.1,3,96,5.8,7,0.0,60000,-11,1479891081,40,40
34,63382,0,28402582,328,2016-11-23T17:36:22,6.1,2,88,8.3,7,0.0,20000,10,1479922582,24,25
34,67877,0,28407077,328,2016-11-23T18:51:17,5.5,0,87,7.9,6,0.0,30000,12,1479927077,22,24
38,27071,0,28452671,329,2016-11-24T07:31:11,6.9,0,74,7.3,13,0.0,30000,10,1479972671,28,19
19,67929,0,28493529,329,2016-11-24T18:52:09,5.3,0,81,7.2,9,0.0,30000,18,1480013529,1,2
31,67013,0,28579013,330,2016-11-25T18:36:53,4.6,0,90,7.6,7,0.0,30000,13,1480099013,18,21
19,34010,1,28632410,331,2016-11-26T09:26:50,5.2,0,95,8.4,4,0.0,20000,-17,1480152410,36,38
13,40137,1,28724937,332,2016-11-27T11:08:57,9.3,0,88,10.3,8,0.0,20000,-10,1480244937,23,31
5,25515,0,28796715,333,2016-11-28T07:05:15,6.9,0,64,6.4,11,0.0,20000,-14,1480316715,19,18
38,30289,0,28801489,333,2016-11-28T08:24:49,6.5,0,65,6.3,11,0.0,25000,10,1480321489,28,28
32,59677,0,28830877,333,2016-11-28T16:34:37,7.0,0,63,6.3,7,0.0,30000,11,1480350877,21,20
10,77122,0,28848322,333,2016-11-28T21:25:22,5.9,0,70,6.5,1,0.0,30000,10,1480368322,0,0
28,61281,0,28918881,334,2016-11-29T17:01:21,2.2,3,82,5.9,5,0.0,25000,12,1480438881,16,18
23,62448,0,28920048,334,2016-11-29T17:20:48,2.2,3,82,5.9,5,0.0,25000,-11,1480440048,34,34
25,29181,0,28973181,335,2016-11-30T08:06:21,4.5,0,79,6.6,8,0.0,40000,-10,1480493181,35,40
2,24720,0,29055120,336,2016-12-01T06:52:00,0.4,3,94,5.9,9,0.0,7000,-12,1480575120,14,12
24,32240,0,29062640,336,2016-12-01T08:57:20,0.8,3,96,6.2,8,0.4,7000,-15,1480582640,39,39
12,71415,0,29101815,336,2016-12-01T19:50:15,-0.4,3,96,5.7,7,0.0,6000,10,1480621815,2,1
26,29599,0,29146399,337,2016-12-02T08:13:19,1.1,0,98,6.5,6,0.0,8000,-14,1480666399,40,40
36,29893,0,29146693,337,2016-12-02T08:18:13,1.1,0,98,6.5,6,0.0,8000,10,1480666693,26,40
16,78473,0,29195273,337,2016-12-02T21:47:53,5.8,0,89,8.2,5,0.0,25000,15,1480715273,1,0
3,19814,0,29395814,340,2016-12-05T05:30:14,1.9,3,93,6.5,2,0.0,30000,-11,1480915814,14,21
40,29718,0,29405718,340,2016-12-05T08:15:18,2.3,3,91,6.6,4,0.0,25000,11,1480925718,29,21
5,66078,0,29442078,340,2016-12-05T18:21:18,5.7,0,91,8.3,5,0.0,12000,-13,1480962078,18,21
19,72024,0,29448024,340,2016-12-05T20:00:24,7.3,0,90,9.2,6,0.0,12000,13,1480968024,6,5
20,27981,0,29490381,341,2016-12-06T07:46:21,9.8,0,88,10.7,9,0.0,20000,-12,1481010381,32,25
26,33081,0,29495481,341,2016-12-06T09:11:21,10.3,0,88,11.1,9,0.0,25000,-10,1481015481,36,39
26,64701,0,29527101,341,2016-12-06T17:58:21,11.5,2,93,12.6,7,0.0,12000,-10,1481047101,36,40
11,19086,0,29567886,342,2016-12-07T05:18:06,14.2,0,85,13.8,11,0.0,20000,-13,1481087886,24,28
30,29601,0,29578401,342,2016-12-07T08:13:21,14.0,0,85,13.6,15,0.0,20000,-10,1481098401,40,40
5,19492,0,29741092,344,2016-12-09T05:24:52,13.4,2,88,13.6,15,0.0,9000,-18,1481261092,23,23
8,26346,0,29747946,344,2016-12-09T07:19:06,13.4,0,86,13.2,15,0.0,20000,-15,1481267946,23,15
30,30618,0,29752218,344,2016-12-09T08:30:18,13.1,0,83,12.5,13,0.0,30000,-10,1481272218,40,36
11,36076,1,29844076,345,2016-12-10T10:01:16,8.8,0,84,9.5,9,0.0,25000,-15,1481364076,26,28
28,52206,1,29860206,345,2016-12-10T14:30:06,9.0,0,86,9.9,9,0.0,25000,-10,1481380206,38,39
17,26169,0,30006969,347,2016-12-12T07:16:09,7.6,0,93,9.7,6,0.0,25000,-18,1481526969,35,35
29,31034,0,30011834,347,2016-12-12T08:37:14,8.3,2,94,10.3,7,0.0,25000,-11,1481531834,40,39
25,30200,0,30097400,348,2016-12-13T08:23:20,9.7,0,97,11.7,16,0.0,5000,-15,1481617400,40,35
21,28864,0,30182464,349,2016-12-14T08:01:04,10.7,0,94,12.0,6,0.0,8000,-17,1481702464,38,33
26,34566,0,30188166,349,2016-12-14T09:36:06,8.3,0,93,10.2,8,0.0,25000,-13,1481708166,39,38
29,30740,0,30270740,350,2016-12-15T08:32:20,7.4,0,88,9.1,9,0.0,25000,-11,1481790740,40,40
35,54967,0,30294967,350,2016-12-15T15:16:07,10.1,0,72,8.9,10,0.6,30000,10,1481814967,25,25
25,30195,0,30356595,351,2016-12-16T08:23:15,7.2,0,97,9.9,9,0.0,8000,-13,1481876595,38,34
33,31399,0,30357799,351,2016-12-16T08:43:19,6.6,0,94,9.2,11,0.0,9000,11,1481877799,22,19
21,49492,1,30548692,353,2016-12-18T13:44:52,8.3,0,74,8.1,9,0.6,35000,-18,1482068692,39,40
18,19519,0,30605119,354,2016-12-19T05:25:19,7.6,0,86,8.9,6,0.0,25000,-14,1482125119,32,32
18,27016,0,30612616,354,2016-12-19T07:30:16,8.7,0,88,9.9,5,0.0,25000,-13,1482132616,31,23
35,60062,0,30645662,354,2016-12-19T16:41:02,3.8,0,90,7.2,7,0.0,30000,11,1482165662,24,25
13,64580,0,30650180,354,2016-12-19T17:56:20,1.8,3,94,6.6,7,0.0,30000,-10,1482170180,23,25
32,65479,0,30651079,354,2016-12-19T18:11:19,1.8,3,94,6.6,7,0.0,30000,10,1482171079,22,21
19,19340,0,30777740,356,2016-12-21T05:22:20,7.4,0,73,7.5,15,0.0,18000,-11,1482297740,30,30
23,66419,0,30824819,356,2016-12-21T18:26:59,4.9,0,78,6.7,9,0.0,30000,12,1482344819,11,10
18,19618,0,30864418,357,2016-12-22T05:26:58,5.2,0,78,6.9,16,0.0,30000,-12,1482384418,30,37
24,28988,0,30873788,357,2016-12-22T08:03:08,5.4,0,81,7.3,15,0.0,35000,-13,1482393788,37,40
14,32311,1,31049911,359,2016-12-24T08:58:31,6.5,0,85,8.2,19,0.0,20000,-14,1482569911,28,33
20,22938,0,31386138,363,2016-12-28T06:22:18,3.6,3,88,7.0,5,0.0,30000,-18,1482906138,38,39
2,24082,0,31387282,363,2016-12-28T06:41:22,1.3,3,94,6.3,4,0.0,30000,-16,1482907282,18,19
19,34746,0,31484346,364,2016-12-29T09:39:06,6.3,0,89,8.5,6,0.0,40000,-17,1483004346,36,38
19,30618,0,31566618,365,2016-12-30T08:30:18,10.6,0,82,10.5,9,0.0,25000,-13,1483086618,32,28
14,26682,1,31649082,366,2016-12-31T07:24:42,9.8,0,77,9.3,14,0.0,30000,-11,1483169082,25,33
19,20584,0,279784,3,2017-01-03T05:43:04,0.3,0,96,6.0,9,0.0,20000,-14,1483422184,33,33
34,63200,0,322400,3,2017-01-03T17:33:20,4.8,0,84,7.2,14,0.0,30000,11,1483464800,23,23
3,20955,0,366555,4,2017-01-04T05:49:15,4.1,0,97,7.9,10,0.0,25000,-15,1483508955,18,19
24,28448,0,374048,4,2017-01-04T07:54:08,4.9,0,94,8.1,11,0.0,18000,-10,1483516448,34,31
34,29047,0,374647,4,2017-01-04T08:04:07,4.9,0,94,8.1,11,0.0,18000,11,1483517047,23,24
20,64161,0,409761,4,2017-01-04T17:49:21,1.8,3,87,6.1,6,0.0,16000,-10,1483552161,30,30
12,67434,0,413034,4,2017-01-04T18:43:54,1.4,3,91,6.1,5,0.0,16000,10,1483555434,2,0
12,79267,0,424867,4,2017-01-04T22:01:07,1.7,3,93,6.4,3,0.0,18000,11,1483567267,1,1
6,19195,0,451195,5,2017-01-05T05:19:55,3.5,0,86,6.8,4,0.0,20000,-14,1483593595,20,23
29,33922,0,465922,5,2017-01-05T09:25:22,4.4,0,82,6.9,6,0.0,30000,-11,1483608322,40,39
17,69320,0,501320,5,2017-01-05T19:15:20,6.5,0,85,8.2,5,0.0,30000,16,1483643720,1,3
18,78321,0,510321,5,2017-01-05T21:45:21,4.4,0,90,7.5,3,0.0,25000,10,1483652721,8,8
4,21911,0,540311,6,2017-01-06T06:05:11,9.2,0,88,10.2,12,0.0,20000,-12,1483682711,16,20
24,29781,0,548181,6,2017-01-06T08:16:21,9.7,0,88,10.6,12,0.0,20000,-14,1483690581,38,39
22,43876,1,735076,8,2017-01-08T12:11:16,10.0,2,95,11.6,10,0.0,20000,-15,1483877476,37,37
23,27501,0,805101,9,2017-01-09T07:38:21,5.9,0,91,8.4,15,0.0,20000,-10,1483947501,33,31
37,28672,0,806272,9,2017-01-09T07:57:52,5.9,0,91,8.4,15,0.0,20000,10,1483948672,27,24
40,31396,0,808996,9,2017-01-09T08:43:16,5.7,0,89,8.2,12,0.2,30000,11,1483951396,29,33
22,37086,0,814686,9,2017-01-09T10:18:06,5.7,0,88,8.0,12,0.8,30000,-13,1483957086,35,35
3,19127,0,883127,10,2017-01-10T05:18:47,4.9,0,81,7.0,15,0.0,20000,-18,1484025527,21,21
22,28762,0,892762,10,2017-01-10T07:59:22,6.7,0,85,8.4,15,0.0,30000,-16,1484035162,38,34
37,30559,0,894559,10,2017-01-10T08:29:19,6.7,0,85,8.4,15,0.0,30000,10,1484036959,27,33
20,33241,0,897241,10,2017-01-10T09:14:01,6.9,0,93,9.2,17,0.0,16000,-15,1484039641,35,38
33,63262,0,927262,10,2017-01-10T17:34:22,8.4,0,83,9.2,15,0.0,25000,10,1484069662,23,24
6,19500,0,969900,11,2017-01-11T05:25:00,8.4,0,75,8.3,24,0.0,30000,-14,1484112300,20,20
30,31517,0,981917,11,2017-01-11T08:45:17,5.8,0,71,6.6,22,0.0,30000,-10,1484124317,40,40
20,27667,0,1064467,12,2017-01-12T07:41:07,2.6,0,93,6.8,11,0.0,16000,-19,1484206867,39,31
0,26771,0,1149971,13,2017-01-13T07:26:11,0.2,0,82,5.1,17,0.0,40000,-12,1484292371,12,11
16,63200,0,1186400,13,2017-01-13T17:33:20,1.2,0,87,5.8,12,0.0,30000,-10,1484328800,26,34
18,67685,0,1190885,13,2017-01-13T18:48:05,0.9,0,90,5.9,13,0.0,30000,12,1484333285,6,9
1,23304,1,1232904,14,2017-01-14T06:28:24,1.3,0,92,6.2,14,0.0,30000,-17,1484375304,18,18
22,33863,1,1329863,15,2017-01-15T09:24:23,8.2,0,92,10.0,19,0.0,16000,-10,1484472263,32,32
27,52737,1,1348737,15,2017-01-15T14:38:57,10.0,0,90,11.0,13,0.0,30000,-11,1484491137,38,37
4,19520,0,1401920,16,2017-01-16T05:25:20,8.3,0,93,10.2,11,0.0,17000,-11,1484544320,15,17
26,29111,0,1411511,16,2017-01-16T08:05:11,7.9,2,96,10.2,9,0.0,6000,-11,1484553911,37,40
29,30919,0,1413319,16,2017-01-16T08:35:19,8.0,2,94,10.1,9,0.0,8000,-10,1484555719,39,40
25,35715,0,1418115,16,2017-01-16T09:55:15,8.3,2,94,10.3,8,0.1,20000,-15,1484560515,40,40
37,59717,0,1442117,16,2017-01-16T16:35:17,8.6,0,94,10.5,5,0.0,15000,17,1484584517,20,19
28,64222,0,1446622,16,2017-01-16T17:50:22,8.6,2,96,10.7,5,0.0,12000,-11,1484589022,39,35
11,66588,0,1448988,16,2017-01-16T18:29:48,8.6,2,96,10.7,5,0.0,12000,-10,1484591388,21,25
22,24676,0,1493476,17,2017-01-17T06:51:16,8.4,0,97,10.7,9,0.0,6000,-13,1484635876,35,34
27,26783,0,1495583,17,2017-01-17T07:26:23,8.4,0,97,10.7,9,0.0,6000,-11,1484637983,38,32
27,28581,0,1497381,17,2017-01-17T07:56:21,8.3,0,96,10.5,9,0.0,6000,-11,1484639781,38,39
26,35466,0,1504266,17,2017-01-17T09:51:06,8.4,0,94,10.4,6,0.0,7000,-14,1484646666,40,37
11,72080,0,1540880,17,2017-01-17T20:01:20,8.6,0,90,10.1,4,0.0,30000,10,1484683280,1,1
14,20777,0,1575977,18,2017-01-18T05:46:17,7.3,0,77,7.9,5,0.0,20000,-10,1484718377,24,24
20,27371,0,1582571,18,2017-01-18T07:36:11,7.5,0,77,8.0,3,0.0,30000,-12,1484724971,32,30
36,28282,0,1583482,18,2017-01-18T07:51:22,7.5,0,77,8.0,3,0.0,30000,10,1484725882,26,22
30,30683,0,1585883,18,2017-01-18T08:31:23,7.8,0,78,8.2,3,0.0,40000,-10,1484728283,40,40
37,31339,0,1586539,18,2017-01-18T08:42:19,7.8,0,78,8.2,3,0.0,40000,11,1484728939,26,30
29,32778,0,1587978,18,2017-01-18T09:06:18,7.8,0,78,8.2,3,0.0,40000,-10,1484730378,39,39
23,25928,0,1667528,19,2017-01-19T07:12:08,7.2,0,80,8.1,4,0.0,25000,-10,1484809928,33,28
29,28640,0,1670240,19,2017-01-19T07:57:20,7.1,0,81,8.2,4,0.0,25000,10,1484812640,19,24
22,32532,0,1674132,19,2017-01-19T09:02:12,7.2,0,80,8.1,3,0.0,25000,-16,1484816532,38,39
20,36430,0,1678030,19,2017-01-19T10:07:10,7.1,0,81,8.2,4,0.0,25000,-10,1484820430,30,35
2,20635,0,2007835,23,2017-01-23T05:43:55,4.6,0,90,7.6,3,0.0,12000,-10,1485150235,12,14
11,27978,0,2015178,23,2017-01-23T07:46:18,3.2,0,90,6.9,4,0.0,25000,-11,1485157578,22,23
40,33660,0,2020860,23,2017-01-23T09:21:00,5.2,0,89,7.9,4,0.8,30000,10,1485163260,30,38
28,36054,0,2023254,23,2017-01-23T10:00:54,6.5,0,84,8.1,4,0.3,30000,-11,1485165654,39,37
27,31943,0,2105543,24,2017-01-24T08:52:23,9.2,0,89,10.4,11,0.0,25000,-10,1485247943,37,37
26,64101,0,2137701,24,2017-01-24T17:48:21,10.5,0,83,10.6,9,0.0,30000,-10,1485280101,36,37
7,65284,0,2138884,24,2017-01-24T18:08:04,10.5,0,83,10.6,9,0.0,30000,-15,1485281284,22,23
14,67400,0,2141000,24,2017-01-24T18:43:20,10.4,0,85,10.7,8,0.0,30000,13,1485283400,1,0
21,70099,0,2143699,24,2017-01-24T19:28:19,10.4,0,85,10.7,8,0.0,30000,16,1485286099,5,3
40,29096,0,2189096,25,2017-01-25T08:04:56,8.5,0,69,7.6,11,0.0,30000,11,1485331496,29,21
28,29723,0,2189723,25,2017-01-25T08:15:23,8.5,0,69,7.6,11,0.0,30000,-12,1485332123,40,40
25,32118,0,2192118,25,2017-01-25T08:55:18,8.5,0,70,7.8,13,0.1,35000,-14,1485334518,39,40
1,19129,0,2265529,26,2017-01-26T05:18:49,5.1,0,75,6.6,16,0.0,20000,-10,1485407929,11,19
13,27076,0,2273476,26,2017-01-26T07:31:16,5.1,0,73,6.4,20,0.0,20000,-11,1485415876,24,15
36,29781,0,2276181,26,2017-01-26T08:16:21,5.1,0,73,6.4,20,0.0,20000,10,1485418581,26,35
25,32473,0,2278873,26,2017-01-26T09:01:13,4.9,0,70,6.1,19,0.0,17000,-13,1485421273,38,37
22,64570,0,2310970,26,2017-01-26T17:56:10,4.7,0,74,6.4,11,0.0,14000,-11,1485453370,33,31
25,31628,0,2364428,27,2017-01-27T08:47:08,6.1,0,80,7.6,17,0.0,9000,-11,1485506828,36,40
27,66727,0,2399527,27,2017-01-27T18:32:07,5.7,0,91,8.3,4,0.0,20000,17,1485541927,10,10
19,78429,0,2411229,27,2017-01-27T21:47:09,6.1,2,86,8.1,3,0.0,25000,13,1485553629,6,6
11,23845,1,2443045,28,2017-01-28T06:37:25,3.7,2,97,7.7,9,0.0,25000,-10,1485585445,21,23
22,50793,1,2469993,28,2017-01-28T14:06:33,5.9,0,76,7.0,12,0.1,40000,-10,1485612393,32,39
24,37387,1,2542987,29,2017-01-29T10:23:07,1.6,3,91,6.2,7,0.0,60000,-13,1485685387,37,38
16,57153,1,2562753,29,2017-01-29T15:52:33,7.3,0,97,9.9,9,0.1,15000,-10,1485705153,26,35
2,18055,0,2610055,30,2017-01-30T05:00:55,7.3,3,96,9.8,8,0.0,7000,-18,1485752455,20,20
33,30321,0,2708721,31,2017-01-31T08:25:21,8.1,0,97,10.5,7,0.0,11000,11,1485851121,22,21
7,68478,0,2746878,31,2017-01-31T19:01:18,7.7,0,93,9.8,4,0.0,25000,-10,1485889278,17,19
14,27074,0,2791874,32,2017-02-01T07:31:14,6.0,2,94,8.8,9,0.0,20000,-15,1485934274,29,26
28,30679,0,2795479,32,2017-02-01T08:31:19,7.1,2,94,9.5,10,0.0,25000,-11,1485937879,39,38
3,21390,0,2872590,33,2017-02-02T05:56:30,10.3,2,94,11.7,22,0.0,7000,-10,1486014990,13,13
20,28042,0,2879242,33,2017-02-02T07:47:22,10.3,2,94,11.7,17,0.0,9000,-10,1486021642,30,27
16,76342,0,2927542,33,2017-02-02T21:12:22,10.3,2,81,10.1,14,0.0,25000,16,1486069942,0,0
6,19700,0,2957300,34,2017-02-03T05:28:20,5.9,0,77,7.2,14,0.0,25000,-12,1486099700,18,18
5,38960,1,3062960,35,2017-02-04T10:49:20,4.6,0,70,5.9,7,0.8,50000,-16,1486205360,21,21
20,35615,1,3146015,36,2017-02-05T09:53:35,2.3,0,89,6.4,6,1.0,50000,-10,1486288415,30,39
32,61575,0,3258375,37,2017-02-06T17:06:15,7.1,0,90,9.0,21,0.0,9000,11,1486400775,21,22
27,68472,0,3265272,37,2017-02-06T19:01:12,8.3,0,92,10.0,11,0.0,15000,11,1486407672,16,11
3,25271,0,3308471,38,2017-02-07T07:01:11,4.0,0,90,7.3,6,0.0,40000,-13,1486450871,16,12
25,64885,0,3348085,38,2017-02-07T18:01:25,4.9,0,81,7.0,7,0.0,25000,-10,1486490485,35,38
13,65182,0,3348382,38,2017-02-07T18:06:22,4.9,0,81,7.0,7,0.0,25000,-12,1486490782,25,35
1,22317,0,3391917,39,2017-02-08T06:11:57,-1.0,3,91,5.2,6,0.0,20000,-10,1486534317,11,11
26,29543,0,3399143,39,2017-02-08T08:12:23,-0.8,3,94,5.4,6,0.0,25000,-11,1486541543,37,38
37,30140,0,3399740,39,2017-02-08T08:22:20,-0.8,3,94,5.4,6,0.0,25000,10,1486542140,27,26
27,34943,0,3404543,39,2017-02-08T09:42:23,1.4,0,92,6.2,5,0.1,30000,-11,1486546943,38,40
38,61331,0,3430931,39,2017-02-08T17:02:11,6.1,0,76,7.1,9,0.2,40000,15,1486573331,23,22
6,66183,0,3435783,39,2017-02-08T18:23:03,4.9,0,81,7.0,8,0.0,40000,-10,1486578183,16,15
4,22387,0,3478387,40,2017-02-09T06:13:07,5.0,0,78,6.8,16,0.0,35000,-12,1486620787,16,16
28,68886,0,3524886,40,2017-02-09T19:08:06,2.6,0,67,4.9,12,0.0,30000,12,1486667286,16,11
19,84662,0,3540662,40,2017-02-09T23:31:02,2.5,0,68,5.0,11,0.0,20000,11,1486683062,8,8
20,27534,0,3569934,41,2017-02-10T07:38:54,2.1,0,66,4.7,12,0.0,25000,-10,1486712334,30,24
30,33244,0,3575644,41,2017-02-10T09:14:04,2.4,0,65,4.7,12,0.0,25000,-10,1486718044,40,40
40,67449,0,3609849,41,2017-02-10T18:44:09,2.4,0,63,4.6,9,0.0,30000,13,1486752249,27,28
3,36603,1,3665403,42,2017-02-11T10:10:03,1.8,0,78,5.4,12,0.0,30000,-17,1486807803,20,19
11,21432,0,3823032,44,2017-02-13T05:57:12,5.5,2,91,8.2,19,0.0,6000,-13,1486965432,24,24
7,25089,0,3913089,45,2017-02-14T06:58:09,5.3,0,91,8.1,11,0.0,7000,-10,1487055489,17,15
11,23624,0,3998024,46,2017-02-15T06:33:44,8.0,0,92,9.8,13,0.0,9000,-11,1487140424,22,23
30,31151,0,4005551,46,2017-02-15T08:39:11,8.5,2,94,10.5,11,0.0,6000,-10,1487147951,40,39
17,71767,0,4046167,46,2017-02-15T19:56:07,8.1,0,75,8.1,15,0.0,25000,10,1487188567,7,0
22,36127,0,4096927,47,2017-02-16T10:02:07,7.3,2,84,8.6,15,0.0,35000,-18,1487239327,40,40
15,63426,0,4124226,47,2017-02-16T17:37:06,9.0,2,88,10.1,13,0.0,30000,10,1487266626,5,7
30,63727,0,4124527,47,2017-02-16T17:42:07,9.0,2,88,10.1,13,0.0,30000,15,1487266927,15,5
26,32223,0,4179423,48,2017-02-17T08:57:03,7.9,0,89,9.4,4,0.0,30000,-14,1487321823,40,35
26,34014,0,4181214,48,2017-02-17T09:26:54,7.9,0,89,9.4,4,0.0,30000,-14,1487323614,40,40
20,35802,1,4355802,50,2017-02-19T09:56:42,9.1,2,97,11.2,13,0.0,3000,-12,1487498202,32,37
34,63611,0,4470011,51,2017-02-20T17:40:11,10.1,2,88,10.9,11,0.0,25000,16,1487612411,18,21
2,67183,0,4473583,51,2017-02-20T18:39:43,9.9,0,88,10.8,8,0.0,30000,-11,1487615983,13,19
10,80974,0,4487374,51,2017-02-20T22:29:34,9.7,0,89,10.8,10,0.0,30000,10,1487629774,0,0
2,26097,0,4518897,52,2017-02-21T07:14:57,8.7,0,90,10.2,8,0.0,25000,-10,1487661297,12,12
39,28208,0,4521008,52,2017-02-21T07:50:08,9.2,0,93,10.8,12,0.0,17000,10,1487663408,29,26
19,67259,0,4560059,52,2017-02-21T18:40:59,11.1,0,92,12.2,22,0.0,7000,10,1487702459,9,10
26,69131,0,4648331,53,2017-02-22T19:12:11,7.1,0,94,9.5,9,0.0,6000,19,1487790731,7,7
26,35229,0,4700829,54,2017-02-23T09:47:09,5.8,0,82,7.5,29,0.3,40000,-12,1487843229,38,39
39,68206,0,4733806,54,2017-02-23T18:56:46,3.2,0,79,6.1,15,0.0,30000,10,1487876206,29,25
4,22975,0,4774975,55,2017-02-24T06:22:55,1.3,3,89,5.9,12,0.0,30000,-17,1487917375,21,20
26,29283,0,4781283,55,2017-02-24T08:08:03,1.8,0,89,6.2,13,0.6,30000,-14,1487923683,40,39
22,35875,0,4787875,55,2017-02-24T09:57:55,4.6,0,82,7.0,10,0.1,40000,-15,1487930275,37,40
22,67083,0,4819083,55,2017-02-24T18:38:03,8.0,0,82,8.8,12,0.0,30000,12,1487961483,10,11
18,22495,0,5033695,58,2017-02-27T06:14:55,2.7,0,79,5.8,6,0.0,30000,-10,1488176095,28,36
29,27605,0,5038805,58,2017-02-27T07:40:05,2.6,0,81,5.9,5,0.2,40000,-11,1488181205,40,40
21,37210,0,5048410,58,2017-02-27T10:20:10,2.7,0,81,6.0,8,0.7,40000,-14,1488190810,35,37
23,62462,0,5073662,58,2017-02-27T17:21:02,3.8,2,77,6.1,10,0.0,45000,10,1488216062,13,12
5,19142,0,5116742,59,2017-02-28T05:19:02,-0.2,0,94,5.6,15,0.0,20000,-10,1488259142,15,17
24,29768,0,5127368,59,2017-02-28T08:16:08,0.7,0,94,6.0,17,0.1,8000,-10,1488269768,34,40
11,26515,0,5210515,60,2017-03-01T07:21:55,2.5,0,87,6.4,9,0.0,40000,-10,1488352915,21,22
27,28931,0,5212931,60,2017-03-01T08:02:11,2.7,0,88,6.5,9,0.8,40000,-12,1488355331,39,36
18,76300,0,5260300,60,2017-03-01T21:11:40,4.2,0,85,7.0,21,0.0,20000,17,1488402700,1,0
8,23521,0,5293921,61,2017-03-02T06:32:01,3.8,2,88,7.1,21,0.1,25000,-10,1488436321,18,27
26,28989,0,5299389,61,2017-03-02T08:03:09,3.6,0,85,6.7,19,1.0,30000,-11,1488441789,37,38
11,73373,0,5343773,61,2017-03-02T20:22:53,6.7,2,79,7.8,11,0.0,20000,11,1488486173,0,0
21,73607,0,5344007,61,2017-03-02T20:26:47,6.7,2,79,7.8,11,0.0,20000,10,1488486407,11,0
8,21769,0,5378569,62,2017-03-03T06:02:49,5.5,0,98,8.9,6,0.0,20000,-10,1488520969,18,17
2,26905,1,5470105,63,2017-03-04T07:28:25,5.7,0,88,8.0,11,0.1,30000,-11,1488612505,13,12
10,49112,1,5492312,63,2017-03-04T13:38:32,6.9,2,88,8.8,5,0.0,25000,-14,1488634712,24,27
14,23170,0,5639170,65,2017-03-06T06:26:10,2.3,0,86,6.2,5,0.0,30000,-14,1488781570,28,33
29,27667,0,5643667,65,2017-03-06T07:41:07,2.1,0,89,6.3,5,0.0,30000,-11,1488786067,40,40
26,66060,0,5682060,65,2017-03-06T18:21:00,4.6,2,89,7.5,12,0.0,30000,12,1488824460,14,16
1,23170,0,5725570,66,2017-03-07T06:26:10,2.0,3,87,6.1,4,0.0,30000,-10,1488867970,11,16
24,27622,0,5730022,66,2017-03-07T07:40:22,2.1,0,91,6.5,4,0.0,30000,-12,1488872422,36,29
25,30671,0,5733071,66,2017-03-07T08:31:11,4.5,0,81,6.8,4,0.0,30000,-13,1488875471,38,38
23,60731,0,5763131,66,2017-03-07T16:52:11,10.0,0,77,9.4,10,0.0,30000,-10,1488905531,33,36
21,62527,0,5764927,66,2017-03-07T17:22:07,10.0,0,77,9.4,10,0.0,30000,-10,1488907327,31,30
27,32830,0,5821630,67,2017-03-08T09:07:10,8.4,0,88,9.6,11,0.0,25000,-11,1488964030,38,40
30,39054,0,5827854,67,2017-03-08T10:50:54,10.7,0,79,10.1,13,0.7,30000,-10,1488970254,40,40
0,23493,0,5898693,68,2017-03-09T06:31:33,6.6,0,84,8.1,19,0.2,30000,-11,1489041093,11,16
23,33789,0,5908989,68,2017-03-09T09:23:09,7.7,0,77,8.1,11,1.0,30000,-13,1489051389,36,40
23,62285,0,5937485,68,2017-03-09T17:18:05,9.1,0,63,7.3,10,0.0,30000,13,1489079885,10,9
17,66988,0,5942188,68,2017-03-09T18:36:28,8.7,0,70,7.9,10,0.0,30000,12,1489084588,5,5
1,19613,0,5981213,69,2017-03-10T05:26:53,8.0,0,93,10.0,5,0.0,30000,-11,1489123613,12,12
35,28151,0,5989751,69,2017-03-10T07:49:11,10.3,0,86,10.7,4,0.0,30000,10,1489132151,25,31
20,64740,0,6026340,69,2017-03-10T17:59:00,10.5,0,76,9.6,9,0.0,40000,-10,1489168740,30,30
22,49810,1,6097810,70,2017-03-11T13:50:10,11.3,0,85,11.4,7,0.0,35000,-13,1489240210,35,38
5,32993,1,6167393,71,2017-03-12T09:09:53,8.1,0,87,9.4,16,0.0,30000,-12,1489309793,17,15
3,21038,0,6241838,72,2017-03-13T05:50:38,8.2,2,87,9.5,13,0.0,18000,-10,1489384238,13,13
15,27664,0,6248464,72,2017-03-13T07:41:04,8.6,0,90,10.1,14,0.3,20000,-12,1489390864,27,24
40,29757,0,6250557,72,2017-03-13T08:15:57,8.6,0,90,10.1,14,0.3,20000,11,1489392957,29,27
15,63659,0,6284459,72,2017-03-13T17:40:59,13.2,0,63,9.6,13,0.0,25000,10,1489426859,5,0
13,68159,0,6288959,72,2017-03-13T18:55:59,12.5,0,66,9.6,12,0.0,20000,12,1489431359,1,0
27,26515,0,6333715,73,2017-03-14T07:21:55,10.8,2,91,11.8,15,0.0,15000,12,1489476115,15,14
27,27727,0,6334927,73,2017-03-14T07:42:07,10.7,0,96,12.4,14,0.0,3500,-12,1489477327,39,34
38,30129,0,6337329,73,2017-03-14T08:22:09,10.7,0,96,12.4,14,0.0,3500,10,1489479729,28,32
25,62827,0,6370027,73,2017-03-14T17:27:07,11.7,0,69,9.5,16,0.1,40000,-10,1489512427,35,35
4,23561,0,6417161,74,2017-03-15T06:32:41,5.4,0,94,8.4,3,0.5,25000,-11,1489559561,15,17
27,30190,0,6423790,74,2017-03-15T08:23:10,7.3,0,91,9.3,4,1.0,30000,-11,1489566190,38,40
39,62869,0,6456469,74,2017-03-15T17:27:49,14.4,0,63,10.4,10,0.2,50000,10,1489598869,29,32
15,80887,0,6474487,74,2017-03-15T22:28:07,11.0,2,84,11.0,12,0.0,30000,12,1489616887,3,3
11,19120,0,6499120,75,2017-03-16T05:18:40,9.6,2,83,9.9,11,0.0,20000,-14,1489641520,25,24
20,52138,0,6618538,76,2017-03-17T14:28:58,8.6,0,92,10.2,23,0.0,7000,-12,1489760938,32,40
25,50168,1,6702968,77,2017-03-18T13:56:08,12.2,0,89,12.7,20,0.0,18000,-14,1489845368,39,40
29,62427,1,6715227,77,2017-03-18T17:20:27,11.6,2,93,12.6,21,0.0,8000,-11,1489857627,40,40
26,54429,1,6793629,78,2017-03-19T15:07:09,11.9,0,84,11.7,17,0.6,25000,-11,1489936029,37,40
24,34964,0,6860564,79,2017-03-20T09:42:44,7.4,0,74,7.7,17,0.7,25000,-12,1490002964,36,39
38,26874,0,6938874,80,2017-03-21T07:27:54,1.0,2,88,5.8,18,0.7,20000,10,1490081274,28,23
29,27491,0,6939491,80,2017-03-21T07:38:11,1.7,0,85,5.9,16,1.0,30000,-11,1490081891,40,38
26,30791,0,6942791,80,2017-03-21T08:33:11,2.8,2,81,6.0,17,1.0,20000,-12,1490085191,38,38
30,37449,0,6949449,80,2017-03-21T10:24:09,4.3,2,74,6.1,17,1.0,30000,-10,1490091849,40,40
10,78499,0,6990499,80,2017-03-21T21:48:19,3.1,0,88,6.7,5,0.0,40000,10,1490132899,0,0
25,29044,0,7027444,81,2017-03-22T08:04:04,3.8,0,92,7.3,21,0.0,12000,-11,1490169844,36,40
25,33532,0,7031932,81,2017-03-22T09:18:52,3.9,0,90,7.3,21,0.0,7000,-13,1490174332,38,38
24,37741,0,7036141,81,2017-03-22T10:29:01,3.9,0,93,7.5,21,0.0,5000,-11,1490178541,35,40
31,61507,0,7059907,81,2017-03-22T17:05:07,3.8,0,93,7.5,16,0.0,12000,11,1490202307,20,22
27,30606,0,7115406,82,2017-03-23T08:30:06,7.5,0,81,8.4,15,0.4,24000,-11,1490257806,38,38
23,33299,0,7118099,82,2017-03-23T09:14:59,7.5,0,81,8.4,15,0.4,24000,-15,1490260499,38,34
33,60311,0,7145111,82,2017-03-23T16:45:11,8.4,0,81,8.9,14,1.0,20000,10,1490287511,23,23
30,65707,0,7150507,82,2017-03-23T18:15:07,7.5,0,84,8.7,13,0.4,20000,10,1490292907,20,20
11,71408,0,7156208,82,2017-03-23T19:50:08,5.8,0,91,8.4,9,0.0,14000,11,1490298608,0,1
21,28254,0,7199454,83,2017-03-24T07:50:54,6.8,0,78,7.7,9,1.0,25000,-17,1490341854,38,40
20,60428,0,7231628,83,2017-03-24T16:47:08,8.4,0,69,7.6,10,1.0,35000,-10,1490374028,30,27
4,64629,0,7235829,83,2017-03-24T17:57:09,7.4,0,70,7.2,9,0.9,40000,-11,1490378229,15,14
19,66721,0,7237921,83,2017-03-24T18:32:01,6.3,0,78,7.4,6,0.0,40000,13,1490380321,6,0
22,46312,1,7303912,84,2017-03-25T12:51:52,11.4,0,67,9.1,8,1.0,25000,-17,1490446312,39,40
15,23575,0,7453975,86,2017-03-27T06:32:55,5.1,3,98,8.6,6,0.2,20000,-11,1490592775,26,34
23,33250,0,7463650,86,2017-03-27T09:14:10,9.7,0,86,10.3,6,1.0,25000,-11,1490602450,34,37
27,26949,0,7543749,87,2017-03-28T07:29:09,7.5,3,96,9.9,8,0.0,2200,11,1490682549,16,12
26,37809,0,7554609,87,2017-03-28T10:30:09,10.6,0,86,11.0,11,0.1,7000,-14,1490693409,40,39
12,27308,0,7630508,88,2017-03-29T07:35:08,10.5,0,96,12.2,10,0.0,9000,-16,1490769308,28,24
35,28812,0,7632012,88,2017-03-29T08:00:12,10.5,0,96,12.2,10,0.0,9000,12,1490770812,23,16
29,33280,0,7636480,88,2017-03-29T09:14:40,12.4,0,86,12.3,5,0.0,9000,-10,1490775280,39,40
24,62444,0,7665644,88,2017-03-29T17:20:44,14.4,0,73,11.9,14,0.2,30000,-10,1490804444,34,29
17,64254,0,7667454,88,2017-03-29T17:50:54,13.4,0,78,12.0,13,0.0,30000,-11,1490806254,28,22
2,18864,0,7708464,89,2017-03-30T05:14:24,11.8,0,87,12.0,8,0.0,20000,-13,1490847264,15,15
24,33967,0,7723567,89,2017-03-30T09:26:07,11.9,0,90,12.6,8,0.0,12000,-13,1490862367,37,38
29,70571,0,7760171,89,2017-03-30T19:36:11,10.8,2,95,12.3,11,0.0,20000,20,1490898971,9,9
3,18675,0,7794675,90,2017-03-31T05:11:15,10.3,0,95,11.9,9,0.0,20000,-17,1490933475,20,20
24,36120,0,7812120,90,2017-03-31T10:02:00,11.7,0,68,9.3,15,0.8,35000,-16,1490950920,40,40
26,51228,1,8000028,92,2017-04-02T14:13:48,12.2,0,61,8.6,13,1.0,60000,-14,1491138828,40,37
23,33204,0,8068404,93,2017-04-03T09:13:24,11.3,0,65,8.7,10,0.0,40000,-11,1491207204,34,40
24,64206,0,8099406,93,2017-04-03T17:50:06,12.5,0,80,11.6,14,0.7,30000,-10,1491238206,34,34
10,68696,0,8103896,93,2017-04-03T19:04:56,11.7,0,83,11.4,13,0.0,30000,10,1491242696,0,0
11,80408,0,8115608,93,2017-04-03T22:20:08,10.1,0,91,11.2,11,0.0,30000,10,1491254408,1,1
1,24607,0,8146207,94,2017-04-04T06:50:07,6.0,0,76,7.1,7,0.6,30000,-16,1491285007,17,21
35,61266,0,8269266,95,2017-04-05T17:01:06,10.7,0,70,9.0,7,0.0,60000,12,1491408066,23,25
23,71438,0,8279438,95,2017-04-05T19:50:38,8.8,0,80,9.0,5,0.0,40000,10,1491418238,13,15
12,23530,0,8317930,96,2017-04-06T06:32:10,7.4,0,81,8.4,5,0.0,40000,-10,1491456730,22,23
34,28329,0,8322729,96,2017-04-06T07:52:09,8.1,0,76,8.2,4,0.0,40000,10,1491461529,24,31
34,62522,0,8356922,96,2017-04-06T17:22:02,9.4,0,67,7.9,9,0.0,40000,11,1491495722,23,28
17,67626,0,8362026,96,2017-04-06T18:47:06,8.4,0,73,8.0,6,0.0,40000,10,1491500826,7,5
10,79027,0,8373427,96,2017-04-06T21:57:07,7.9,0,72,7.7,4,0.0,30000,10,1491512227,0,0
29,28387,0,8409187,97,2017-04-07T07:53:07,7.6,0,68,7.1,3,0.0,40000,-11,1491547987,40,40
34,28974,0,8409774,97,2017-04-07T08:02:54,7.6,0,68,7.1,3,0.0,40000,10,1491548574,24,29
30,34374,0,8415174,97,2017-04-07T09:32:54,8.5,0,65,7.2,4,0.1,40000,-10,1491553974,40,38
22,43117,1,8510317,98,2017-04-08T11:58:37,14.0,0,64,10.2,7,1.0,16000,-18,1491649117,40,39
23,44302,1,8597902,99,2017-04-09T12:18:22,11.4,0,70,9.4,12,0.0,20000,-17,1491736702,40,40
16,85207,1,8638807,99,2017-04-09T23:40:07,5.0,0,89,7.7,9,0.0,20000,-14,1491777607,30,31
24,33306,0,8673306,100,2017-04-10T09:15:06,8.0,0,76,8.2,13,1.0,40000,-12,1491812106,36,40
17,27668,0,8754068,101,2017-04-11T07:41:08,8.3,0,79,8.7,13,0.7,40000,-20,1491892868,37,34
29,32467,0,8758867,101,2017-04-11T09:01:07,9.5,0,73,8.6,19,1.0,40000,-11,1491897667,40,37
11,67028,0,8793428,101,2017-04-11T18:37:08,9.2,0,72,8.4,20,0.0,45000,10,1491932228,1,6
15,67391,0,8880191,102,2017-04-12T18:43:11,8.5,0,65,7.2,15,0.2,50000,10,1492018991,5,9
24,28959,0,8928159,103,2017-04-13T08:02:39,7.8,0,83,8.8,9,1.0,25000,-15,1492066959,39,39
23,33769,0,8932969,103,2017-04-13T09:22:49,9.0,0,69,8.0,11,0.4,25000,-16,1492071769,39,35
34,37676,0,8936876,103,2017-04-13T10:27:56,9.3,0,71,8.3,11,0.0,40000,-10,1492075676,44,40
4,64982,0,8964182,103,2017-04-13T18:03:02,10.2,0,70,8.7,10,0.0,50000,-10,1492102982,14,15
21,65592,0,8964792,103,2017-04-13T18:13:12,10.2,0,70,8.7,10,0.0,50000,10,1492103592,11,4
23,34562,1,9192962,106,2017-04-16T09:36:02,10.1,2,88,10.9,14,0.0,8000,-13,1492331762,36,35
36,28009,0,9359209,108,2017-04-18T07:46:49,8.0,0,92,9.8,4,0.0,30000,10,1492498009,26,25
26,28917,0,9360117,108,2017-04-18T08:01:57,8.0,0,92,9.8,4,0.0,30000,-14,1492498917,40,40
37,29221,0,9360421,108,2017-04-18T08:07:01,8.0,0,92,9.8,4,0.0,30000,11,1492499221,26,40
31,58922,0,9390122,108,2017-04-18T16:22:02,10.6,0,72,9.3,9,0.1,40000,13,1492528922,18,20
24,28091,0,9445691,109,2017-04-19T07:48:11,9.6,2,85,10.2,9,0.0,25000,-11,1492584491,35,30
40,55261,0,9472861,109,2017-04-19T15:21:01,12.8,2,91,13.4,9,0.0,11000,10,1492611661,30,30
13,76447,0,9494047,109,2017-04-19T21:14:07,10.8,0,89,11.5,6,0.0,25000,11,1492632847,2,2
18,25735,0,9529735,110,2017-04-20T07:08:55,9.6,0,84,10.1,8,0.0,35000,-15,1492668535,33,33
30,61137,0,9565137,110,2017-04-20T16:58:57,12.7,0,71,10.4,10,0.0,45000,11,1492703937,19,19
12,67762,0,9571762,110,2017-04-20T18:49:22,11.6,0,77,10.5,6,0.0,40000,12,1492710562,0,0
6,21244,0,9611644,111,2017-04-21T05:54:04,9.2,0,83,9.6,7,0.0,40000,-10,1492750444,16,24
40,28468,0,9618868,111,2017-04-21T07:54:28,9.7,0,84,10.1,9,0.0,40000,12,1492757668,28,19
29,35111,0,9625511,111,2017-04-21T09:45:11,11.0,0,80,10.5,9,0.0,40000,-11,1492764311,40,40
23,45716,1,9808916,113,2017-04-23T12:41:56,10.3,0,76,9.5,7,0.0,40000,-15,1492947716,38,40
30,31930,0,9881530,114,2017-04-24T08:52:10,8.9,2,84,9.5,13,0.0,8000,-10,1493020330,40,40
40,32215,0,9881815,114,2017-04-24T08:56:55,8.9,2,84,9.5,13,0.0,8000,10,1493020615,30,40
23,34372,0,9883972,114,2017-04-24T09:32:52,9.6,0,78,9.3,13,0.1,30000,-11,1493022772,34,40
22,36165,0,9885765,114,2017-04-24T10:02:45,9.6,0,78,9.3,13,0.1,30000,-15,1493024565,37,38
5,64371,0,9913971,114,2017-04-24T17:52:51,6.2,0,49,4.6,16,0.2,40000,-11,1493052771,16,17
10,69433,0,9919033,114,2017-04-24T19:17:13,4.8,0,50,4.3,17,1.0,50000,10,1493057833,0,0
10,76653,0,9926253,114,2017-04-24T21:17:33,2.4,0,61,4.4,15,0.0,30000,10,1493065053,0,0
27,28089,0,9964089,115,2017-04-25T07:48:09,4.2,0,74,6.1,12,0.9,50000,-13,1493102889,40,40
25,32651,0,10055051,116,2017-04-26T09:04:11,6.6,0,69,6.7,8,0.8,50000,-13,1493193851,38,39
