available_bikes,available_bike_stands,time_of_day,type_of_day,day_of_year,iso_date,temperature,relative_humidity,vapour_pressure,wind_speed,rain,sunshine,visibility,bike_availability,bike_stand_availability,unix_timestamp
0,30,49200,0,276,2019-10-03T13:40:00,12.0,90,12.7,21.0,0.0,0.0,14000,empty,high,436140
0,30,59200,0,276,2019-10-03T16:26:40,12.9,96,14.3,19.0,0.0,0.0,6000,empty,high,436143
26,4,69200,0,276,2019-10-03T19:13:20,14.1,87,13.9,11.0,0.8,0.0,15000,high,low,436146
28,2,79200,0,276,2019-10-03T22:00:00,12.3,82,11.7,12.0,0.0,0.0,15000,high,low,436149
10,20,22800,0,277,2019-10-04T06:20:00,11.1,95,12.5,13.0,0.5,0.0,5000,high,high,436157
0,30,32800,0,277,2019-10-04T09:06:40,12.0,98,13.7,10.0,1.9,0.0,4000,empty,high,436160
1,29,42800,0,277,2019-10-04T11:53:20,14.7,87,14.5,14.0,0.0,0.7,30000,very low,high,436162
2,28,52800,0,277,2019-10-04T14:40:00,14.3,88,14.3,12.0,0.0,0.1,30000,low,high,436165
14,16,62800,0,277,2019-10-04T17:26:40,13.5,91,14.0,8.0,0.0,0.0,30000,high,high,436168
30,0,72800,0,277,2019-10-04T20:13:20,9.6,99,11.8,6.0,0.0,0.0,30000,high,empty,436171
30,0,82800,0,277,2019-10-04T23:00:00,11.6,98,13.3,2.0,0.0,0.0,30000,high,empty,436174
24,6,26400,10,278,2019-10-05T07:20:00,11.9,94,13.1,5.0,0.0,0.0,20000,high,moderate,436182
25,5,36400,10,278,2019-10-05T10:06:40,14.0,89,14.2,8.0,0.0,0.0,40000,high,moderate,436185
22,8,46400,10,278,2019-10-05T12:53:20,14.6,96,15.9,8.0,0.4,0.0,9000,high,moderate,436187
25,5,56400,10,278,2019-10-05T15:40:00,13.5,94,14.6,11.0,3.7,0.0,7000,high,moderate,436190
30,0,66400,10,278,2019-10-05T18:26:40,13.4,98,15.0,10.0,0.4,0.0,9000,high,empty,436193
29,1,76400,10,278,2019-10-05T21:13:20,13.5,94,14.6,11.0,0.2,0.0,25000,high,very low,436196
30,0,0,10,279,2019-10-06T00:00:00,12.1,93,13.1,13.0,0.0,0.0,20000,high,empty,436199
24,6,20000,10,279,2019-10-06T05:33:20,9.4,96,11.3,14.0,0.0,0.0,40000,high,moderate,436204
17,13,30000,10,279,2019-10-06T08:20:00,9.6,92,11.0,13.0,0.0,1.0,40000,high,high,436207
7,23,40000,10,279,2019-10-06T11:06:40,13.4,79,12.2,17.0,0.0,1.0,40000,moderate,high,436210
17,13,50000,10,279,2019-10-06T13:53:20,15.0,68,11.6,16.0,0.0,1.0,40000,high,high,436212
29,1,60000,10,279,2019-10-06T16:40:00,12.9,71,10.6,8.0,0.0,0.0,40000,high,very low,436215
30,0,70000,10,279,2019-10-06T19:26:40,10.7,82,10.6,3.0,0.0,0.0,40000,high,empty,436218
29,1,80000,10,279,2019-10-06T22:13:20,11.2,80,10.7,5.0,0.0,0.0,35000,high,very low,436221
10,20,23600,0,280,2019-10-07T06:33:20,13.7,85,13.4,15.0,0.0,0.0,20000,high,high,436229
0,30,33600,0,280,2019-10-07T09:20:00,14.7,87,14.5,8.0,0.0,0.0,20000,empty,high,436232
0,30,43600,0,280,2019-10-07T12:06:40,14.9,77,13.1,10.0,0.0,0.0,20000,empty,high,436235
3,27,53600,0,280,2019-10-07T14:53:20,15.8,68,12.2,10.0,0.0,0.6,20000,low,high,436237
12,18,63600,0,280,2019-10-07T17:40:00,12.8,73,10.9,6.0,0.0,0.1,20000,high,high,436240
30,0,73600,0,280,2019-10-07T20:26:40,11.8,84,11.6,7.0,0.0,0.0,20000,high,empty,436243
29,1,83600,0,280,2019-10-07T23:13:20,11.4,80,10.8,10.0,0.0,0.0,30000,high,very low,436246
0,30,27200,0,281,2019-10-08T07:33:20,10.7,79,10.1,10.0,0.0,0.9,30000,empty,high,436254
2,28,37200,0,281,2019-10-08T10:20:00,12.3,71,10.1,12.0,0.0,1.0,30000,low,high,436257
1,29,47200,0,281,2019-10-08T13:06:40,13.4,64,9.9,14.0,0.0,0.5,20000,very low,high,436260
3,27,57200,0,281,2019-10-08T15:53:20,12.5,71,10.3,15.0,0.0,0.9,40000,low,high,436262
16,14,67200,0,281,2019-10-08T18:40:00,10.7,80,10.3,10.0,0.0,0.0,30000,high,high,436265
23,7,77200,0,281,2019-10-08T21:26:40,10.0,83,10.2,10.0,0.0,0.0,30000,high,moderate,436268
26,4,800,0,282,2019-10-09T00:13:20,9.9,83,10.1,11.0,0.0,0.0,30000,high,low,436271
9,21,20800,0,282,2019-10-09T05:46:40,8.3,86,9.4,9.0,0.0,0.0,35000,moderate,high,436276
0,30,30800,0,282,2019-10-09T08:33:20,9.7,83,10.0,12.0,0.0,1.0,30000,empty,high,436279
1,29,40800,0,282,2019-10-09T11:20:00,11.6,70,9.6,10.0,0.0,0.7,30000,very low,high,436282
0,30,50800,0,282,2019-10-09T14:06:40,12.5,65,9.5,14.0,0.0,1.0,40000,empty,high,436285
3,27,60800,0,282,2019-10-09T16:53:20,10.1,83,10.3,10.0,0.0,0.8,30000,low,high,436287
17,13,70800,0,282,2019-10-09T19:40:00,9.3,87,10.1,10.0,0.0,0.0,30000,high,high,436290
26,4,80800,0,282,2019-10-09T22:26:40,9.2,88,10.2,10.0,0.0,0.0,30000,high,low,436293
0,30,24400,0,283,2019-10-10T06:46:40,9.8,87,10.5,8.0,0.0,0.0,20000,empty,high,436301
0,30,34400,0,283,2019-10-10T09:33:20,11.1,85,11.2,9.0,0.1,0.0,20000,empty,high,436304
1,29,44400,0,283,2019-10-10T12:20:00,14.0,83,13.3,14.0,0.0,0.5,30000,very low,high,436307
0,30,54400,0,283,2019-10-10T15:06:40,15.8,64,11.5,14.0,0.0,0.3,25000,empty,high,436310
9,21,64400,0,283,2019-10-10T17:53:20,12.5,87,12.6,11.0,0.3,0.0,25000,moderate,high,436312
17,13,74400,0,283,2019-10-10T20:40:00,13.0,83,12.4,13.0,0.0,0.0,25000,high,high,436315
25,5,84400,0,283,2019-10-10T23:26:40,11.1,89,11.7,14.0,1.7,0.0,15000,high,moderate,436318
0,30,28000,0,284,2019-10-11T07:46:40,10.6,90,11.5,6.0,0.0,0.0,30000,empty,high,436326
2,28,38000,0,284,2019-10-11T10:33:20,12.8,73,10.9,11.0,0.0,0.3,30000,low,high,436329
0,30,48000,0,284,2019-10-11T13:20:00,13.6,62,9.7,12.0,0.0,0.6,50000,empty,high,436332
4,26,58000,0,284,2019-10-11T16:06:40,11.9,76,10.6,12.0,0.0,0.0,50000,low,high,436335
8,22,68000,0,284,2019-10-11T18:53:20,11.0,80,10.5,9.0,0.0,0.0,30000,moderate,high,436337
19,11,78000,0,284,2019-10-11T21:40:00,9.7,84,10.1,7.0,0.0,0.0,30000,high,high,436340
25,5,1600,10,285,2019-10-12T00:26:40,9.1,88,10.1,6.0,0.0,0.0,30000,high,moderate,436343
25,5,21600,10,285,2019-10-12T06:00:00,7.0,94,9.4,5.0,0.0,0.0,30000,high,moderate,436349
13,17,31600,10,285,2019-10-12T08:46:40,10.9,80,10.4,6.0,0.0,1.0,60000,high,high,436351
6,24,41600,10,285,2019-10-12T11:33:20,14.0,63,10.1,8.0,0.0,0.7,60000,moderate,high,436354
4,26,51600,10,285,2019-10-12T14:20:00,15.0,63,10.8,8.0,0.0,0.7,35000,low,high,436357
3,27,61600,10,285,2019-10-12T17:06:40,13.2,69,10.5,4.0,0.0,0.1,20000,low,high,436360
14,16,71600,10,285,2019-10-12T19:53:20,9.6,84,10.1,4.0,0.0,0.0,30000,high,high,436362
13,17,81600,10,285,2019-10-12T22:40:00,6.7,93,9.1,2.0,0.0,0.0,30000,high,high,436365
8,22,25200,10,286,2019-10-13T07:00:00,8.9,96,10.9,2.0,1.0,0.0,15000,moderate,high,436374
6,24,35200,10,286,2019-10-13T09:46:40,9.0,99,11.3,5.0,1.5,0.0,12000,moderate,high,436376
0,30,45200,10,286,2019-10-13T12:33:20,11.0,84,11.0,10.0,0.0,0.1,40000,empty,high,436379
14,16,55200,10,286,2019-10-13T15:20:00,12.3,75,10.8,5.0,0.0,0.2,50000,high,high,436382
21,9,65200,10,286,2019-10-13T18:06:40,10.2,82,10.2,4.0,0.0,0.1,45000,high,moderate,436385
28,2,75200,10,286,2019-10-13T20:53:20,6.7,90,8.8,3.0,0.0,0.0,40000,high,low,436387
28,2,85200,10,286,2019-10-13T23:40:00,4.0,93,7.6,5.0,0.0,0.0,30000,high,low,436390
17,13,18800,0,287,2019-10-14T05:13:20,7.4,97,10.0,5.0,0.0,0.0,30000,high,high,436396
0,30,28800,0,287,2019-10-14T08:00:00,11.1,96,12.7,6.0,2.5,0.0,3500,empty,high,436399
0,30,38800,0,287,2019-10-14T10:46:40,12.9,92,13.6,10.0,0.1,0.0,25000,empty,high,436401
2,28,48800,0,287,2019-10-14T13:33:20,13.8,85,13.4,11.0,0.0,0.4,40000,low,high,436404
1,29,58800,0,287,2019-10-14T16:20:00,13.5,85,13.2,10.0,0.0,0.2,50000,very low,high,436407
16,14,68800,0,287,2019-10-14T19:06:40,12.1,87,12.2,6.0,0.0,0.0,50000,high,high,436410
30,0,78800,0,287,2019-10-14T21:53:20,9.0,95,10.8,4.0,0.0,0.0,30000,high,empty,436412
3,27,22400,0,288,2019-10-15T06:13:20,10.6,95,12.1,5.0,0.0,0.0,30000,low,high,436421
1,29,32400,0,288,2019-10-15T09:00:00,11.9,88,12.2,3.0,0.0,1.0,50000,very low,high,436424
0,30,42400,0,288,2019-10-15T11:46:40,13.4,79,12.2,6.0,0.0,0.0,18000,empty,high,436426
0,30,52400,0,288,2019-10-15T14:33:20,13.3,72,10.9,6.0,0.0,0.8,25000,empty,high,436429
10,20,62400,0,288,2019-10-15T17:20:00,11.6,75,10.2,8.0,0.0,0.0,25000,high,high,436432
21,9,72400,0,288,2019-10-15T20:06:40,12.7,82,12.1,9.0,0.0,0.0,25000,high,moderate,436435
30,0,82400,0,288,2019-10-15T22:53:20,12.8,91,13.4,13.0,0.0,0.0,20000,high,empty,436437
2,28,26000,0,289,2019-10-16T07:13:20,7.1,91,9.2,8.0,0.0,0.0,30000,low,high,436446
0,30,36000,0,289,2019-10-16T10:00:00,10.5,79,10.0,9.0,0.0,1.0,30000,empty,high,436449
1,29,46000,0,289,2019-10-16T12:46:40,12.7,62,9.1,9.0,0.0,0.7,40000,very low,high,436451
4,26,56000,0,289,2019-10-16T15:33:20,12.8,62,9.2,7.0,0.0,0.8,50000,low,high,436454
8,22,66000,0,289,2019-10-16T18:20:00,10.3,70,8.7,4.0,0.0,0.0,40000,moderate,high,436457
15,15,76000,0,289,2019-10-16T21:06:40,9.2,77,9.0,7.0,0.0,0.0,30000,high,high,436460
25,5,86000,0,289,2019-10-16T23:53:20,9.4,78,9.1,8.0,0.0,0.0,30000,high,moderate,436462
7,23,19600,0,290,2019-10-17T05:26:40,10.0,74,9.1,9.0,0.0,0.0,30000,moderate,high,436468
0,30,29600,0,290,2019-10-17T08:13:20,11.0,72,9.4,6.0,0.0,0.3,30000,empty,high,436471
0,30,39600,0,290,2019-10-17T11:00:00,12.8,66,9.7,9.0,0.0,0.1,30000,empty,high,436474
3,27,49600,0,290,2019-10-17T13:46:40,13.4,61,9.4,10.0,0.0,0.7,60000,low,high,436476
2,28,59600,0,290,2019-10-17T16:33:20,8.8,81,9.2,7.0,0.1,0.1,40000,low,high,436479
19,11,69600,0,290,2019-10-17T19:20:00,8.4,81,8.9,7.0,0.0,0.0,30000,high,high,436482
22,8,79600,0,290,2019-10-17T22:06:40,7.9,84,9.0,5.0,0.0,0.0,40000,high,moderate,436485
0,30,23200,0,291,2019-10-18T06:26:40,7.9,87,9.3,5.0,0.0,0.0,30000,empty,high,436493
2,28,33200,0,291,2019-10-18T09:13:20,10.7,76,9.8,4.0,0.0,0.9,30000,low,high,436496
0,30,43200,0,291,2019-10-18T12:00:00,11.3,74,10.0,2.0,0.0,0.0,20000,empty,high,436499
7,23,53200,0,291,2019-10-18T14:46:40,11.0,83,10.8,11.0,0.0,0.7,20000,moderate,high,436501
6,24,63200,0,291,2019-10-18T17:33:20,9.2,92,10.7,8.0,0.0,0.0,20000,moderate,high,436504
1,29,73200,0,291,2019-10-18T20:20:00,8.0,94,10.1,9.0,0.0,0.0,20000,very low,high,436507
10,20,83200,0,291,2019-10-18T23:06:40,8.0,94,10.1,10.0,0.0,0.0,30000,high,high,436510
0,30,26800,10,292,2019-10-19T07:26:40,6.8,94,9.3,10.0,0.0,0.0,25000,empty,high,436518
2,28,36800,10,292,2019-10-19T10:13:20,8.6,96,10.7,10.0,0.1,0.0,8000,low,high,436521
2,28,46800,10,292,2019-10-19T13:00:00,10.4,95,12.0,9.0,0.2,0.0,20000,low,high,436524
5,25,56800,10,292,2019-10-19T15:46:40,10.9,79,10.3,8.0,0.0,0.0,50000,moderate,high,436526
2,28,66800,10,292,2019-10-19T18:33:20,7.2,84,8.5,9.0,0.0,0.0,30000,low,high,436529
2,28,50000,0,14,2020-01-14T13:53:20,4.3,88,7.3,4.0,0.3,0.1,30000,low,high,438613
6,24,60000,0,14,2020-01-14T16:40:00,4.5,89,7.5,9.0,0.0,0.0,30000,moderate,high,438616
11,19,70000,0,14,2020-01-14T19:26:40,4.4,79,6.6,10.0,0.0,0.0,30000,high,high,438619
18,12,80000,0,14,2020-01-14T22:13:20,3.8,78,6.3,11.0,0.0,0.0,30000,high,high,438622
4,26,23600,0,15,2020-01-15T06:33:20,4.0,75,6.1,13.0,0.0,0.0,40000,low,high,438630
0,30,33600,0,15,2020-01-15T09:20:00,4.8,71,6.1,14.0,0.0,0.6,40000,empty,high,438633
0,30,43600,0,15,2020-01-15T12:06:40,6.6,68,6.6,14.0,0.0,1.0,40000,empty,high,438636
5,25,53600,0,15,2020-01-15T14:53:20,7.5,66,6.9,13.0,0.0,0.9,40000,moderate,high,438638
16,14,63600,0,15,2020-01-15T17:40:00,5.9,73,6.7,13.0,0.0,0.0,20000,high,high,438641
26,4,73600,0,15,2020-01-15T20:26:40,5.8,74,6.8,12.0,0.0,0.0,20000,high,low,438644
29,1,83600,0,15,2020-01-15T23:13:20,6.3,76,7.3,10.0,0.0,0.0,20000,high,very low,438647
2,28,27200,0,16,2020-01-16T07:33:20,8.7,82,9.3,22.0,0.0,0.0,15000,low,high,438655
1,29,37200,0,16,2020-01-16T10:20:00,8.8,90,10.2,18.0,0.2,0.0,8000,very low,high,438658
1,29,47200,0,16,2020-01-16T13:06:40,10.2,91,11.3,16.0,0.1,0.0,9000,very low,high,438661
2,28,57200,0,16,2020-01-16T15:53:20,8.4,82,9.0,13.0,0.3,0.3,20000,low,high,438663
6,24,67200,0,16,2020-01-16T18:40:00,7.4,83,8.5,11.0,0.0,0.0,20000,moderate,high,438666
7,23,24800,10,82,2020-03-22T06:53:20,3.5,76,6.0,16.0,0.0,0.0,30000,moderate,high,440238
6,24,34800,10,82,2020-03-22T09:40:00,3.5,76,6.0,16.0,0.0,0.0,30000,moderate,high,440241
3,27,44800,10,82,2020-03-22T12:26:40,3.5,76,6.0,16.0,0.0,0.0,30000,low,high,440244
2,28,54800,10,82,2020-03-22T15:13:20,3.5,76,6.0,16.0,0.0,0.0,30000,low,high,440247
7,23,64800,10,82,2020-03-22T18:00:00,3.5,76,6.0,16.0,0.0,0.0,30000,moderate,high,440250
14,16,8629,10,95,2020-04-04T02:23:49,7.67,81,,2.6,0.0,,10000,high,high,440545
14,16,9238,10,95,2020-04-04T02:33:58,7.53,81,,2.1,0.0,,10000,high,high,440545
6,24,40904,10,96,2020-04-05T11:21:44,13.19,58,,10.3,0.0,,10000,moderate,high,440578
6,24,41513,10,96,2020-04-05T11:31:53,13.19,58,,10.3,0.0,,10000,moderate,high,440578
6,24,42123,10,96,2020-04-05T11:42:03,13.96,62,,9.3,0.0,,10000,moderate,high,440578
5,25,42542,10,96,2020-04-05T11:49:02,13.96,62,,9.3,0.0,,10000,moderate,high,440578
5,25,42828,10,96,2020-04-05T11:53:48,13.82,62,,9.3,0.0,,10000,moderate,high,440578
4,26,42856,10,96,2020-04-05T11:54:16,13.87,58,,10.3,0.0,,10000,low,high,440578
3,27,43742,10,96,2020-04-05T12:09:02,13.87,58,,10.3,0.0,,10000,low,high,440579
4,26,43744,10,96,2020-04-05T12:09:04,13.5,58,,9.8,0.0,,10000,low,high,440579
4,26,44353,10,96,2020-04-05T12:19:13,13.5,58,,9.8,0.0,,10000,low,high,440579
4,26,44962,10,96,2020-04-05T12:29:22,13.63,58,,9.8,0.0,,10000,low,high,440579
4,26,45796,10,96,2020-04-05T12:43:16,13.91,66,,7.7,0.0,,10000,low,high,440579
3,27,46404,10,96,2020-04-05T12:53:24,13.91,66,,7.7,0.0,,10000,low,high,440579
3,27,47013,10,96,2020-04-05T13:03:33,13.85,58,,9.8,0.0,,10000,low,high,440580
4,26,47155,10,96,2020-04-05T13:05:55,13.85,58,,9.8,0.0,,10000,low,high,440580
4,26,47391,10,96,2020-04-05T13:09:51,14.14,67,,9.3,0.0,,10000,low,high,440580
4,26,47803,10,96,2020-04-05T13:16:43,14.06,67,,9.3,0.0,,10000,low,high,440580
4,26,48412,10,96,2020-04-05T13:26:52,14.06,67,,9.3,0.0,,10000,low,high,440580
4,26,49021,10,96,2020-04-05T13:37:01,13.93,67,,8.7,0.0,,10000,low,high,440580
4,26,49629,10,96,2020-04-05T13:47:09,13.93,67,,8.7,0.0,,10000,low,high,440580
4,26,50238,10,96,2020-04-05T13:57:18,13.65,67,,8.7,0.0,,10000,low,high,440580
4,26,50847,10,96,2020-04-05T14:07:27,13.47,67,,10.8,0.0,,10000,low,high,440581
4,26,51455,10,96,2020-04-05T14:17:35,13.24,67,,10.8,0.0,,10000,low,high,440581
4,26,51912,10,96,2020-04-05T14:25:12,13.24,67,,10.8,0.0,,10000,low,high,440581
3,27,52521,10,96,2020-04-05T14:35:21,12.9,76,,12.3,0.0,,10000,low,high,440581
3,27,53130,10,96,2020-04-05T14:45:30,12.9,76,,12.3,0.0,,10000,low,high,440581
3,27,53739,10,96,2020-04-05T14:55:39,12.96,76,,12.3,0.0,,10000,low,high,440581
3,27,53981,10,96,2020-04-05T14:59:41,12.96,76,,12.3,0.0,,10000,low,high,440581
2,28,54590,10,96,2020-04-05T15:09:50,12.96,76,,10.8,0.0,,10000,low,high,440582
2,28,55198,10,96,2020-04-05T15:19:58,12.73,76,,10.8,0.25,,10000,low,high,440582
3,27,55647,10,96,2020-04-05T15:27:27,12.73,76,,10.8,0.25,,10000,low,high,440582
3,27,55826,10,96,2020-04-05T15:30:26,12.73,76,,10.8,0.25,,10000,low,high,440582
2,28,56435,10,96,2020-04-05T15:40:35,12.61,76,,9.8,0.25,,10000,low,high,440582
2,28,57043,10,96,2020-04-05T15:50:43,12.61,76,,9.8,0.25,,10000,low,high,440582
2,28,57651,10,96,2020-04-05T16:00:51,12.61,76,,9.8,0.25,,10000,low,high,440583
2,28,58260,10,96,2020-04-05T16:11:00,12.6,87,,9.3,0.25,,10000,low,high,440583
3,27,58713,10,96,2020-04-05T16:18:33,12.6,87,,9.3,0.25,,10000,low,high,440583
3,27,59320,10,96,2020-04-05T16:28:40,12.11,87,,9.3,0.25,,10000,low,high,440583
3,27,59941,10,96,2020-04-05T16:39:01,12.22,82,,10.3,0.25,,10000,low,high,440583
1,29,60549,10,96,2020-04-05T16:49:09,12.63,82,,10.3,0.38,,10000,very low,high,440583
1,29,61158,10,96,2020-04-05T16:59:18,12.63,82,,10.3,0.38,,10000,very low,high,440583
1,29,61766,10,96,2020-04-05T17:09:26,12.75,87,,9.3,0.51,,10000,very low,high,440584
0,30,62111,10,96,2020-04-05T17:15:11,12.75,87,,9.3,0.51,,10000,empty,high,440584
2,28,62383,10,96,2020-04-05T17:19:43,12.08,87,,7.7,0.51,,10000,low,high,440584
2,28,62992,10,96,2020-04-05T17:29:52,12.08,87,,7.7,0.51,,10000,low,high,440584
2,28,63601,10,96,2020-04-05T17:40:01,12.27,82,,12.3,0.89,,10000,low,high,440584
4,26,63897,10,96,2020-04-05T17:44:57,12.27,82,,12.3,0.89,,10000,low,high,440584
4,26,64506,10,96,2020-04-05T17:55:06,12.26,87,,7.7,0.77,,10000,low,high,440584
4,26,65115,10,96,2020-04-05T18:05:15,12.26,87,,7.7,0.77,,10000,low,high,440585
4,26,65723,10,96,2020-04-05T18:15:23,12.09,87,,11.8,0.51,,10000,low,high,440585
4,26,66331,10,96,2020-04-05T18:25:31,12.08,87,,11.8,0.38,,10000,low,high,440585
5,25,66898,10,96,2020-04-05T18:34:58,12.08,87,,11.8,0.38,,10000,moderate,high,440585
7,23,77229,10,96,2020-04-05T21:27:09,11.7,93,,7.2,0.64,,10000,moderate,high,440588
7,23,77838,10,96,2020-04-05T21:37:18,11.7,93,,7.2,0.64,,10000,moderate,high,440588
4,26,58228,0,97,2020-04-06T16:10:28,12.49,62,,4.6,0.0,,10000,low,high,440607
4,26,58837,0,97,2020-04-06T16:20:37,12.81,50,,6.2,0.0,,10000,low,high,440607
4,26,59446,0,97,2020-04-06T16:30:46,12.84,62,,4.6,0.0,,10000,low,high,440607
4,26,60055,0,97,2020-04-06T16:40:55,12.84,62,,4.6,0.0,,10000,low,high,440607
4,26,60663,0,97,2020-04-06T16:51:03,12.08,54,,6.2,0.0,,10000,low,high,440607
4,26,61273,0,97,2020-04-06T17:01:13,12.37,54,,6.2,0.0,,10000,low,high,440608
4,26,61881,0,97,2020-04-06T17:11:21,11.84,71,,7.2,0.0,,10000,low,high,440608
4,26,62490,0,97,2020-04-06T17:21:30,11.84,71,,7.2,0.0,,10000,low,high,440608
5,25,62919,0,97,2020-04-06T17:28:39,11.82,62,,7.7,0.0,,10000,moderate,high,440608
5,25,63527,0,97,2020-04-06T17:38:47,11.73,71,,7.2,0.0,,10000,moderate,high,440608
5,25,64135,0,97,2020-04-06T17:48:55,11.69,66,,4.1,0.0,,10000,moderate,high,440608
5,25,64745,0,97,2020-04-06T17:59:05,11.69,66,,4.1,0.0,,10000,moderate,high,440608
6,24,65167,0,97,2020-04-06T18:06:07,11.44,71,,7.2,0.0,,10000,moderate,high,440609
7,23,65286,0,97,2020-04-06T18:08:06,11.44,71,,7.2,0.0,,10000,moderate,high,440609
7,23,65894,0,97,2020-04-06T18:18:14,11.41,62,,6.2,0.25,,10000,moderate,high,440609
9,21,66643,0,97,2020-04-06T18:30:43,11.41,62,,6.2,0.25,,10000,moderate,high,440609
9,21,67252,0,97,2020-04-06T18:40:52,11.29,62,,6.2,0.25,,10000,moderate,high,440609
9,21,67861,0,97,2020-04-06T18:51:01,11.28,54,,4.6,0.25,,10000,moderate,high,440609
9,21,68470,0,97,2020-04-06T19:01:10,11.45,62,,6.2,0.25,,10000,moderate,high,440610
10,20,68790,0,97,2020-04-06T19:06:30,11.29,66,,3.6,0.25,,10000,high,high,440610
10,20,69400,0,97,2020-04-06T19:16:40,11.28,66,,3.6,0.25,,10000,high,high,440610
14,16,76799,0,97,2020-04-06T21:19:59,9.07,57,,2.1,0.0,,10000,high,high,440612
14,16,77408,0,97,2020-04-06T21:30:08,9.07,57,,2.1,0.0,,10000,high,high,440612
14,16,78016,0,97,2020-04-06T21:40:16,8.39,57,,2.1,0.0,,10000,high,high,440612
14,16,78626,0,97,2020-04-06T21:50:26,8.17,57,,2.1,0.0,,10000,high,high,440612
13,17,79192,0,97,2020-04-06T21:59:52,8.09,75,,3.1,0.0,,10000,high,high,440612
13,17,79802,0,97,2020-04-06T22:10:02,8.09,75,,3.1,0.0,,10000,high,high,440613
13,17,80411,0,97,2020-04-06T22:20:11,7.0,65,,3.6,0.0,,10000,high,high,440613
13,17,81020,0,97,2020-04-06T22:30:20,7.0,65,,3.6,0.0,,10000,high,high,440613
13,17,81629,0,97,2020-04-06T22:40:29,6.4,65,,2.1,0.0,,10000,high,high,440613
15,15,5574,0,98,2020-04-07T01:32:54,5.43,75,,2.1,0.0,,10000,high,high,440616
15,15,6183,0,98,2020-04-07T01:43:03,5.09,70,,1.5,0.0,,10000,high,high,440616
15,15,11664,0,98,2020-04-07T03:14:24,3.6,86,,1.0,0.0,,10000,high,high,440618
15,15,12273,0,98,2020-04-07T03:24:33,3.6,86,,1.0,0.0,,10000,high,high,440618
15,15,18224,0,98,2020-04-07T05:03:44,2.35,82,,2.1,0.0,,10000,high,high,440620
14,16,18833,0,98,2020-04-07T05:13:53,3.19,86,,2.1,0.0,,10000,high,high,440620
14,16,19442,0,98,2020-04-07T05:24:02,2.94,86,,2.1,0.0,,10000,high,high,440620
14,16,20050,0,98,2020-04-07T05:34:10,2.76,86,,2.1,0.0,,10000,high,high,440620
14,16,20658,0,98,2020-04-07T05:44:18,2.76,86,,2.1,0.0,,10000,high,high,440620
14,16,21266,0,98,2020-04-07T05:54:26,2.78,82,,1.0,0.0,,10000,high,high,440620
14,16,21875,0,98,2020-04-07T06:04:35,2.78,86,,2.1,0.0,,10000,high,high,440621
14,16,22483,0,98,2020-04-07T06:14:43,2.78,86,,2.1,0.0,,10000,high,high,440621
14,16,23091,0,98,2020-04-07T06:24:51,2.91,80,,3.6,0.0,,10000,high,high,440621
14,16,23268,0,98,2020-04-07T06:27:48,2.91,80,,3.6,0.0,,10000,high,high,440621
13,17,23876,0,98,2020-04-07T06:37:56,2.39,82,,1.5,0.0,,10000,high,high,440621
13,17,24440,0,98,2020-04-07T06:47:20,2.39,82,,1.5,0.0,,10000,high,high,440621
12,18,25049,0,98,2020-04-07T06:57:29,2.8,82,,1.5,0.0,,10000,high,high,440621
12,18,25657,0,98,2020-04-07T07:07:37,4.1,93,,1.5,0.0,,10000,high,high,440622
12,18,26266,0,98,2020-04-07T07:17:46,3.51,93,,1.5,0.0,,10000,high,high,440622
12,18,26875,0,98,2020-04-07T07:27:55,3.51,93,,1.5,0.0,,10000,high,high,440622
12,18,27483,0,98,2020-04-07T07:38:03,3.82,86,,3.1,0.0,,10000,high,high,440622
12,18,27812,0,98,2020-04-07T07:43:32,3.82,86,,3.1,0.0,,10000,high,high,440622
9,19,28510,0,98,2020-04-07T07:55:10,6.48,81,,1.5,0.0,,10000,moderate,high,440622
9,19,28637,0,98,2020-04-07T07:57:17,6.48,81,,1.5,0.0,,10000,moderate,high,440622
9,19,29099,0,98,2020-04-07T08:04:59,8.38,70,,1.5,0.0,,10000,moderate,high,440623
9,18,29382,0,98,2020-04-07T08:09:42,8.38,70,,1.5,0.0,,10000,moderate,high,440623
9,18,29991,0,98,2020-04-07T08:19:51,8.99,70,,1.5,0.0,,10000,moderate,high,440623
8,19,30630,0,98,2020-04-07T08:30:30,8.99,70,,1.5,0.0,,10000,moderate,high,440623
7,20,31239,0,98,2020-04-07T08:40:39,9.65,61,,3.6,0.0,,10000,moderate,high,440623
7,20,31847,0,98,2020-04-07T08:50:47,10.11,61,,3.6,0.0,,10000,moderate,high,440623
7,20,32457,0,98,2020-04-07T09:00:57,10.11,61,,3.6,0.0,,10000,moderate,high,440624
7,20,33065,0,98,2020-04-07T09:11:05,10.09,70,,1.0,0.0,,10000,moderate,high,440624
7,20,33467,0,98,2020-04-07T09:17:47,10.28,57,,2.6,0.0,,10000,moderate,high,440624
6,21,33867,0,98,2020-04-07T09:24:27,10.28,57,,2.6,0.0,,10000,moderate,high,440624
7,23,34000,0,98,2020-04-07T09:26:40,10.28,57,,2.6,0.0,,10000,moderate,high,440624
7,23,34608,0,98,2020-04-07T09:36:48,10.69,66,,3.6,0.0,,10000,moderate,high,440624
7,23,35091,0,98,2020-04-07T09:44:51,10.69,66,,3.6,0.0,,10000,moderate,high,440624
6,24,35700,0,98,2020-04-07T09:55:00,10.75,66,,3.6,0.0,,10000,moderate,high,440624
6,24,36308,0,98,2020-04-07T10:05:08,11.28,57,,3.6,0.0,,10000,moderate,high,440625
6,24,36916,0,98,2020-04-07T10:15:16,11.28,57,,3.6,0.0,,10000,moderate,high,440625
6,24,37525,0,98,2020-04-07T10:25:25,11.19,58,,4.6,0.0,,10000,moderate,high,440625
6,24,38134,0,98,2020-04-07T10:35:34,11.88,58,,4.6,0.0,,10000,moderate,high,440625
7,23,38184,0,98,2020-04-07T10:36:24,11.88,58,,4.6,0.0,,10000,moderate,high,440625
7,23,38792,0,98,2020-04-07T10:46:32,12.53,58,,5.7,0.0,,10000,moderate,high,440625
8,22,39636,0,98,2020-04-07T11:00:36,12.52,58,,5.7,0.0,,10000,moderate,high,440626
7,23,40018,0,98,2020-04-07T11:06:58,12.52,58,,5.7,0.0,,10000,moderate,high,440626
7,23,40315,0,98,2020-04-07T11:11:55,12.97,54,,5.7,0.0,,10000,moderate,high,440626
7,23,40924,0,98,2020-04-07T11:22:04,12.97,54,,5.7,0.0,,10000,moderate,high,440626
7,23,41255,0,98,2020-04-07T11:27:35,12.76,54,,5.7,0.0,,10000,moderate,high,440626
6,24,41863,0,98,2020-04-07T11:37:43,12.76,54,,5.7,0.0,,10000,moderate,high,440626
6,24,42472,0,98,2020-04-07T11:47:52,13.31,44,,6.2,0.0,,10000,moderate,high,440626
7,23,43100,0,98,2020-04-07T11:58:20,13.3,54,,5.7,0.0,,10000,moderate,high,440626
7,23,43708,0,98,2020-04-07T12:08:28,13.32,44,,5.1,0.0,,10000,moderate,high,440627
7,23,44316,0,98,2020-04-07T12:18:36,13.32,44,,5.1,0.0,,10000,moderate,high,440627
7,23,44924,0,98,2020-04-07T12:28:44,13.49,44,,5.1,0.0,,10000,moderate,high,440627
7,23,45519,0,98,2020-04-07T12:38:39,13.56,47,,5.7,0.0,,10000,moderate,high,440627
6,24,46128,0,98,2020-04-07T12:48:48,13.56,47,,5.7,0.0,,10000,moderate,high,440627
6,24,46737,0,98,2020-04-07T12:58:57,13.87,47,,5.7,0.0,,10000,moderate,high,440627
6,24,47345,0,98,2020-04-07T13:09:05,14.08,58,,6.2,0.0,,10000,moderate,high,440628
6,24,47953,0,98,2020-04-07T13:19:13,14.08,58,,6.2,0.0,,10000,moderate,high,440628
7,23,48228,0,98,2020-04-07T13:23:48,13.6,54,,7.2,0.0,,10000,moderate,high,440628
7,23,48836,0,98,2020-04-07T13:33:56,13.6,54,,7.2,0.0,,10000,moderate,high,440628
7,23,49440,0,98,2020-04-07T13:44:00,13.64,54,,7.2,0.0,,10000,moderate,high,440628
6,24,50048,0,98,2020-04-07T13:54:08,13.64,54,,7.2,0.0,,10000,moderate,high,440628
7,23,50537,0,98,2020-04-07T14:02:17,13.71,50,,8.2,0.0,,10000,moderate,high,440629
7,23,51146,0,98,2020-04-07T14:12:26,13.71,50,,8.2,0.0,,10000,moderate,high,440629
7,23,51541,0,98,2020-04-07T14:19:01,13.71,50,,8.2,0.0,,10000,moderate,high,440629
6,24,51747,0,98,2020-04-07T14:22:27,13.6,50,,8.2,0.0,,10000,moderate,high,440629
5,25,52355,0,98,2020-04-07T14:32:35,13.6,50,,8.2,0.0,,10000,moderate,high,440629
5,25,53148,0,98,2020-04-07T14:45:48,13.59,54,,6.7,0.0,,10000,moderate,high,440629
4,26,53757,0,98,2020-04-07T14:55:57,13.81,54,,6.7,0.0,,10000,low,high,440629
4,26,54357,0,98,2020-04-07T15:05:57,13.92,50,,7.7,0.0,,10000,low,high,440630
4,26,54387,0,98,2020-04-07T15:06:27,13.92,50,,7.7,0.0,,10000,low,high,440630
3,27,54781,0,98,2020-04-07T15:13:01,13.92,50,,7.7,0.0,,10000,low,high,440630
2,28,55390,0,98,2020-04-07T15:23:10,13.81,50,,7.7,0.0,,10000,low,high,440630
3,27,55971,0,98,2020-04-07T15:32:51,13.92,50,,6.7,0.0,,10000,low,high,440630
3,27,56311,0,98,2020-04-07T15:38:31,13.92,50,,6.7,0.0,,10000,low,high,440630
2,28,56920,0,98,2020-04-07T15:48:40,14.04,50,,6.7,0.0,,10000,low,high,440630
4,26,62136,0,98,2020-04-07T17:15:36,14.06,50,,6.7,0.0,,10000,low,high,440632.0
7,23,69272,0,99,2020-04-08T19:14:32,13.97,67,,2.1,0.0,,10000,moderate,high,440658.0
